seq,lesson_id,stage,stage_name,lesson,visual_kind,visual_status,visual_source,segment_or_module,source_url,use_rule,note
1,DE00-01,00,"Computer, Setup & Learning Foundations","L01 - Files, Folders, Drives and Paths",OFFICIAL_GUIDED,VERIFIED OFFICIAL GUIDE,Microsoft Support — File Explorer in Windows,"Files/folders, navigation, copy/move and organization",https://support.microsoft.com/en-US/Windows/Experience/FileExplorer/file-explorer-in-windows,Use this current Windows guide as a visual companion to the Teaching Book. Do the course folder/path task yourself; no handwritten notes.,Official Windows guide; Teaching Book remains authoritative for the course evidence-folder convention.
2,DE00-02,00,"Computer, Setup & Learning Foundations",L02 - File Extensions and Common Data Files,OFFICIAL_GUIDED,VERIFIED OFFICIAL CURRENT,Microsoft Support — Common file name extensions in Windows,"Windows 10/11: what extensions mean, examples, showing extensions, and why renaming does not convert a format",https://support.microsoft.com/en-gb/windows/common-file-name-extensions-in-windows-da4a4430-8e76-89c5-59f7-1cdbbc75cb01,"Use the current Microsoft guide beside the Teaching Book, then identify .csv/.json/.xlsx/.pdf/.py/.sql/.zip files on your own PC. No handwritten notes.",Official current Windows reference. The course lab remains the practical teacher for data-file handling.
3,DE00-03,00,"Computer, Setup & Learning Foundations","L03 - Download, ZIP, Extract, Copy, Move and Rename",OFFICIAL_GUIDED,VERIFIED OFFICIAL GUIDE,Microsoft Support — Zip and unzip files,"Create ZIP, Extract All, move/rename extracted files",https://support.microsoft.com/en-US/Windows/Experience/Storage-FileManagement/zip-and-unzip-files,"Follow the official Windows steps once, then perform the course ZIP/extract/copy/move/rename task without the guide.",Current Windows 10/11 support page.
4,DE00-04,00,"Computer, Setup & Learning Foundations",L04 - Installing Software Safely,OFFICIAL_GUIDED,VERIFIED OFFICIAL GUIDE,Microsoft Support — Install programs from online sources,Trusted publisher/download/install workflow,https://support.microsoft.com/en-us/windows/apps/how-to-install-programs-from-online-sources-on-windows,Use this as the safety overlay. Install only the tool requested by the current module and verify the publisher/source first.,Official Microsoft support; course-specific install verification remains in the Teaching Book.
5,DE00-05,00,"Computer, Setup & Learning Foundations",L05 - VS Code From Zero,VIDEO_PRIMARY,VERIFIED,Visual Studio Code — Official beginner tutorial,0:00–7:00,https://www.youtube.com/watch?v=B-s71n0dHUk,"Watch the assigned visual first, then use the Teaching Book for the course-specific build. Close the visual before the independent task.",Official VS Code visual orientation; the Teaching Book defines the exact course workspace.
6,DE00-06,00,"Computer, Setup & Learning Foundations",L06 - Terminal Fundamentals,VIDEO_SUPPORT,VERIFIED SUPPORT,VS Code terminal orientation — Tech With Tim,4:40–6:40,https://www.youtube.com/watch?v=ORrELERGIHs,"Watch the assigned visual first, then use the Teaching Book for the course-specific build. Close the visual before the independent task.",Short visual orientation only; the course lab teaches terminal safety and exact commands.
7,DE00-07,00,"Computer, Setup & Learning Foundations",L07 - Errors and Beginner Troubleshooting,BOOK_VISUAL,COURSE-BUILT,Teaching RC2 visual teaching + hands-on lab,,,Use the Teaching Book and guided lab. No generic video is forced here; mastery still requires the independent task.,This lesson is better learned from the Teaching Book + hands-on demonstration than from a generic external video.
8,DE00-08,00,"Computer, Setup & Learning Foundations","L08 - Study Evidence, Attempts and Review Discipline",BOOK_VISUAL,COURSE-BUILT,Teaching RC2 visual teaching + hands-on lab,,,Use the Teaching Book and guided lab. No generic video is forced here; mastery still requires the independent task.,This lesson is better learned from the Teaching Book + hands-on demonstration than from a generic external video.
9,DE01-01,01,Data Foundations + Essential Excel,"What data is: tables, records, fields and data types",VIDEO_SUPPORT,VERIFIED CURRENT VIDEO,Luke Barousse — Data Engineer Bootcamp (2026),4:16:18 Data Modeling & JOINs + 6:57:49 Data Types,https://www.youtube.com/watch?v=ol9_NnC9-cc,Use the mapped chapters as visual reinforcement for tables/fields/types. The Teaching Book supplies the beginner definitions and independent proof.,Current 2026 long-form DE bootcamp; exact chapter starts are published in the video description.
10,DE01-02,01,Data Foundations + Essential Excel,Grain: what one row represents,BOOK_VISUAL,COURSE-BUILT,Teaching RC2 visual teaching + hands-on lab,,,Use the Teaching Book and guided lab. No generic video is forced here; mastery still requires the independent task.,This lesson is better learned from the Teaching Book + hands-on demonstration than from a generic external video.
11,DE01-03,01,Data Foundations + Essential Excel,"Keys, duplicates, NULLs and missing data",VIDEO_SUPPORT,VERIFIED CURRENT VIDEO,Luke Barousse — Data Engineer Bootcamp (2026),4:16:18 Data Modeling & JOINs + 10:16:15 Date/Text/NULL Functions,https://www.youtube.com/watch?v=ol9_NnC9-cc,Watch only the relevant chapter blocks. Teaching Book adds duplicate detection and the course validation task.,"Support source, not a replacement for the course duplicate/NULL exercise."
12,DE01-04,01,Data Foundations + Essential Excel,Data quality dimensions and validation thinking,OFFICIAL_VIDEO_COURSE,VERIFIED OFFICIAL VIDEO,Statistics Canada — Data Quality in Six Dimensions,Full 8:42 beginner video,https://www.statcan.gc.ca/en/wtc/data-literacy/catalogue/892000062020001,"Watch the short official video, then use the Teaching Book to apply quality dimensions to engineering-style validation.",Official government video; beginner-friendly and stable conceptual material.
13,DE01-05,01,Data Foundations + Essential Excel,"Meet Excel: workbook, worksheet, cells and formulas",VIDEO_PRIMARY,VERIFIED,Chandoo — Excel Tutorial for Beginners,1:15–4:09,https://www.youtube.com/watch?v=F7aPazuS8QY,"Watch the assigned visual first, then use the Teaching Book for the course-specific build. Close the visual before the independent task.",
14,DE01-06,01,Data Foundations + Essential Excel,"Enter, save and structure tabular data safely",VIDEO_PRIMARY,VERIFIED,Chandoo — Excel Tutorial for Beginners,4:09–8:21,https://www.youtube.com/watch?v=F7aPazuS8QY,"Watch the assigned visual first, then use the Teaching Book for the course-specific build. Close the visual before the independent task.",
15,DE01-07,01,Data Foundations + Essential Excel,Sort and filter without damaging data,VIDEO_PRIMARY,VERIFIED,Chandoo — Excel Tutorial for Beginners,11:37–15:46,https://www.youtube.com/watch?v=F7aPazuS8QY,"Watch the assigned visual first, then use the Teaching Book for the course-specific build. Close the visual before the independent task.",
16,DE01-08,01,Data Foundations + Essential Excel,Basic formulas and essential functions,VIDEO_PRIMARY,VERIFIED,Chandoo — Excel Tutorial for Beginners,15:46–22:39,https://www.youtube.com/watch?v=F7aPazuS8QY,"Watch the assigned visual first, then use the Teaching Book for the course-specific build. Close the visual before the independent task.",
17,DE01-09,01,Data Foundations + Essential Excel,Relative and absolute references,VIDEO_PRIMARY,VERIFIED,Chandoo — Useful Excel concepts,12:35–20:52,https://www.youtube.com/watch?v=VT479YDPB0I,"Watch the assigned visual first, then use the Teaching Book for the course-specific build. Close the visual before the independent task.",
18,DE01-10,01,Data Foundations + Essential Excel,Excel Tables and structured data habits,VIDEO_PRIMARY,VERIFIED,Chandoo — Useful Excel concepts,2:22–8:45,https://www.youtube.com/watch?v=VT479YDPB0I,"Watch the assigned visual first, then use the Teaching Book for the course-specific build. Close the visual before the independent task.",
19,DE01-11,01,Data Foundations + Essential Excel,Practical cleaning and lookup awareness,VIDEO_SUPPORT,VERIFIED,Chandoo — XLOOKUP for Beginners,Whole short video,https://www.youtube.com/watch?v=dlBuWllegRg,"Watch the assigned visual first, then use the Teaching Book for the course-specific build. Close the visual before the independent task.",
20,DE01-12,01,Data Foundations + Essential Excel,PivotTable and Power Query awareness,VIDEO_SUPPORT,VERIFIED,Chandoo — PivotTable / Power Query awareness,31:35–38:35,https://www.youtube.com/watch?v=VT479YDPB0I,"Watch the assigned visual first, then use the Teaching Book for the course-specific build. Close the visual before the independent task.",
21,DE01-13,01,Data Foundations + Essential Excel,Chart choice and basic visual communication,VIDEO_SUPPORT,VERIFIED STABLE VIDEO PAGE,Chandoo — What is a Chart and How to Make Charts in Excel (video),"Embedded beginner video: chart purpose, create/format/change chart type; use the page’s “select correct chart” follow-up only as needed",https://chandoo.org/wp/excel-tutorial/making-charts/,Watch only enough to understand chart choice and basic communication. Then use the Teaching Book task with your own data; do not turn this into a dashboard course.,"Older page, but chart-selection fundamentals are stable. Final link audit must recheck that the embedded video still plays."
22,DE01-14,01,Data Foundations + Essential Excel,"Reconciliation, sanity checks and source preservation",BOOK_VISUAL,COURSE-BUILT,Teaching RC2 visual teaching + hands-on lab,,,Use the Teaching Book and guided lab. No generic video is forced here; mastery still requires the independent task.,This lesson is better learned from the Teaching Book + hands-on demonstration than from a generic external video.
23,DE01-15,01,Data Foundations + Essential Excel,Mini workflow: inspect -> calculate -> validate -> explain -> save evidence,BOOK_VISUAL,COURSE-BUILT,Teaching RC2 visual teaching + hands-on lab,,,Use the Teaching Book and guided lab. No generic video is forced here; mastery still requires the independent task.,This lesson is better learned from the Teaching Book + hands-on demonstration than from a generic external video.
24,DE02-01,02,SQL Foundations,"Database, table, row, column and query mental model",VIDEO_PRIMARY,VERIFIED,Alex The Analyst — SQL Beginner to Advanced,0:52–11:19,https://www.youtube.com/watch?v=OT1RErkfLNQ,"Watch the assigned visual first, then use the Teaching Book for the course-specific build. Close the visual before the independent task.",
25,DE02-02,02,SQL Foundations,"SELECT, aliases and LIMIT",VIDEO_PRIMARY,VERIFIED,Alex The Analyst — SQL Beginner to Advanced,11:19–21:47 + 47:41–51:10,https://www.youtube.com/watch?v=OT1RErkfLNQ,"Watch the assigned visual first, then use the Teaching Book for the course-specific build. Close the visual before the independent task.",
26,DE02-03,02,SQL Foundations,WHERE and comparison operators,VIDEO_PRIMARY,VERIFIED,Alex The Analyst — SQL Beginner to Advanced,21:47–33:54,https://www.youtube.com/watch?v=OT1RErkfLNQ,"Watch the assigned visual first, then use the Teaching Book for the course-specific build. Close the visual before the independent task.",
27,DE02-04,02,SQL Foundations,"AND, OR, NOT and parentheses",VIDEO_PRIMARY,VERIFIED,Alex The Analyst — SQL Beginner to Advanced,21:47–33:54,https://www.youtube.com/watch?v=OT1RErkfLNQ,"Watch the assigned visual first, then use the Teaching Book for the course-specific build. Close the visual before the independent task.",
28,DE02-05,02,SQL Foundations,"ORDER BY, DISTINCT and result inspection",VIDEO_PRIMARY,VERIFIED,Alex The Analyst — SQL Beginner to Advanced,11:19–21:47 + 47:41–51:10,https://www.youtube.com/watch?v=OT1RErkfLNQ,"Watch the assigned visual first, then use the Teaching Book for the course-specific build. Close the visual before the independent task.",
29,DE02-06,02,SQL Foundations,"NULL, IS NULL and COALESCE",VIDEO_PRIMARY,VERIFIED CURRENT VIDEO,Luke Barousse — Data Engineer Bootcamp (2026),"10:16:15 — Functions: Date, Text & NULL (focus NULL/COALESCE)",https://www.youtube.com/watch?v=ol9_NnC9-cc,Use the chapter like a paid-course class; then close it and complete the course NULL/COALESCE SQL task.,Current 2026 DE-focused SQL teaching.
30,DE02-07,02,SQL Foundations,Arithmetic expressions and safe calculations,VIDEO_PRIMARY,VERIFIED CURRENT VIDEO,Luke Barousse — Data Engineer Bootcamp (2026),1:39:28 — Operators & Functions,https://www.youtube.com/watch?v=ol9_NnC9-cc,"Watch the operators/functions chapter, type examples, then solve the course safe-calculation task with the video closed.",Current 2026 long-form DE bootcamp.
31,DE02-08,02,SQL Foundations,Aggregate functions,VIDEO_PRIMARY,VERIFIED,Alex The Analyst — SQL Beginner to Advanced,33:54–44:18,https://www.youtube.com/watch?v=OT1RErkfLNQ,"Watch the assigned visual first, then use the Teaching Book for the course-specific build. Close the visual before the independent task.",
32,DE02-09,02,SQL Foundations,GROUP BY and grouped grain,VIDEO_PRIMARY,VERIFIED,Alex The Analyst — SQL Beginner to Advanced,33:54–44:18,https://www.youtube.com/watch?v=OT1RErkfLNQ,"Watch the assigned visual first, then use the Teaching Book for the course-specific build. Close the visual before the independent task.",
33,DE02-10,02,SQL Foundations,HAVING after aggregation,VIDEO_PRIMARY,VERIFIED,Alex The Analyst — SQL Beginner to Advanced,44:18–47:41,https://www.youtube.com/watch?v=OT1RErkfLNQ,"Watch the assigned visual first, then use the Teaching Book for the course-specific build. Close the visual before the independent task.",
34,DE02-11,02,SQL Foundations,CASE for business categories,VIDEO_PRIMARY,VERIFIED,Alex The Analyst — SQL Beginner to Advanced,1:26:39–1:35:16,https://www.youtube.com/watch?v=OT1RErkfLNQ,"Watch the assigned visual first, then use the Teaching Book for the course-specific build. Close the visual before the independent task.",
35,DE02-12,02,SQL Foundations,String and date basics,VIDEO_PRIMARY,VERIFIED,Alex The Analyst — SQL Beginner to Advanced,1:15:10–1:26:39,https://www.youtube.com/watch?v=OT1RErkfLNQ,"Watch the assigned visual first, then use the Teaching Book for the course-specific build. Close the visual before the independent task.",
36,DE02-13,02,SQL Foundations,Simple subqueries and IN/EXISTS awareness,VIDEO_PRIMARY,VERIFIED,Alex The Analyst — SQL Beginner to Advanced,1:35:16–1:45:58,https://www.youtube.com/watch?v=OT1RErkfLNQ,"Watch the assigned visual first, then use the Teaching Book for the course-specific build. Close the visual before the independent task.",
37,DE02-14,02,SQL Foundations,Debugging and validation workflow,VIDEO_SUPPORT,VERIFIED MULTI-SOURCE BUNDLE 2026,Course research bundle — SQL troubleshooting + wrong-result validation,Microsoft troubleshooting process video + Metabase duplicate/wrong-result logic guide; then course-owned validation lab,supplements/SQL_DEBUGGING_VALIDATION_VIDEO_BUNDLE_RC1.html,"Use the short troubleshooting video for the systematic debugging mindset, then the duplicate-result guide for logic validation. Close sources and debug the course query independently.","No single external video exactly teaches our full validation workflow, so the bundle combines two narrow sources and keeps the course lab authoritative."
38,DE03-01,03,Advanced SQL + PostgreSQL / Database Thinking,INNER JOIN and LEFT JOIN,VIDEO_PRIMARY,VERIFIED,Alex The Analyst — SQL joins,51:10–1:08:04,https://www.youtube.com/watch?v=OT1RErkfLNQ,"Watch the assigned visual first, then use the Teaching Book for the course-specific build. Close the visual before the independent task.",
39,DE03-02,03,Advanced SQL + PostgreSQL / Database Thinking,"Cardinality, row multiplication and join validation",VIDEO_SUPPORT,VERIFIED CURRENT VIDEO,Luke Barousse — Data Engineer Bootcamp (2026),4:16:18 — Data Modeling & JOINs,https://www.youtube.com/watch?v=ol9_NnC9-cc,"Use the join/modeling block for the visual mental model. Course task remains authoritative for cardinality, row multiplication and validation.",Support source because cardinality validation depth is course-owned.
40,DE03-03,03,Advanced SQL + PostgreSQL / Database Thinking,UNION and UNION ALL,VIDEO_PRIMARY,VERIFIED,Alex The Analyst — UNION,1:08:04–1:15:10,https://www.youtube.com/watch?v=OT1RErkfLNQ,"Watch the assigned visual first, then use the Teaching Book for the course-specific build. Close the visual before the independent task.",
41,DE03-04,03,Advanced SQL + PostgreSQL / Database Thinking,String functions for cleaning and standardization,VIDEO_PRIMARY,VERIFIED,Alex The Analyst — string functions,1:15:10–1:26:39,https://www.youtube.com/watch?v=OT1RErkfLNQ,"Watch the assigned visual first, then use the Teaching Book for the course-specific build. Close the visual before the independent task.",
42,DE03-05,03,Advanced SQL + PostgreSQL / Database Thinking,"Dates, timestamps and time analysis",VIDEO_PRIMARY,VERIFIED CURRENT VIDEO,Luke Barousse — Data Engineer Bootcamp (2026),"10:16:15 — Functions: Date, Text & NULL",https://www.youtube.com/watch?v=ol9_NnC9-cc,"Watch the date/time portion, reproduce examples, then solve the course timestamp/time analysis independently.",Current 2026 DE-focused SQL teaching.
43,DE03-06,03,Advanced SQL + PostgreSQL / Database Thinking,Subqueries and nested logic,VIDEO_PRIMARY,VERIFIED,Alex The Analyst — subqueries,1:35:16–1:45:58,https://www.youtube.com/watch?v=OT1RErkfLNQ,"Watch the assigned visual first, then use the Teaching Book for the course-specific build. Close the visual before the independent task.",
44,DE03-07,03,Advanced SQL + PostgreSQL / Database Thinking,CTEs and readable multi-step SQL,VIDEO_PRIMARY,VERIFIED,Alex The Analyst — CTEs,1:58:55–2:09:07,https://www.youtube.com/watch?v=OT1RErkfLNQ,"Watch the assigned visual first, then use the Teaching Book for the course-specific build. Close the visual before the independent task.",
45,DE03-08,03,Advanced SQL + PostgreSQL / Database Thinking,Window functions and PARTITION BY,VIDEO_PRIMARY,VERIFIED,Alex The Analyst — window functions,1:45:58–1:58:55,https://www.youtube.com/watch?v=OT1RErkfLNQ,"Watch the assigned visual first, then use the Teaching Book for the course-specific build. Close the visual before the independent task.",
46,DE03-09,03,Advanced SQL + PostgreSQL / Database Thinking,"ROW_NUMBER, ranking and LAG/LEAD",VIDEO_PRIMARY,VERIFIED,Alex The Analyst — ranking/window functions,1:45:58–1:58:55,https://www.youtube.com/watch?v=OT1RErkfLNQ,"Watch the assigned visual first, then use the Teaching Book for the course-specific build. Close the visual before the independent task.",
47,DE03-10,03,Advanced SQL + PostgreSQL / Database Thinking,Advanced aggregation and multi-grain reasoning,VIDEO_SUPPORT,VERIFIED VIDEO,Luke Barousse — SQL for Data Analytics,37:44–1:04:47 — aggregation through statistical aggregation; 1:04:47 onward segmentation,https://www.youtube.com/watch?v=7mz73uXD9DA,Use these blocks to strengthen aggregation fluency. The Teaching Book adds multi-grain engineering reasoning and validation.,Video target/title confirmed; exact engineering multi-grain proof remains course-owned.
48,DE03-11,03,Advanced SQL + PostgreSQL / Database Thinking,"PostgreSQL setup, schemas and dialect awareness",VIDEO_PRIMARY,VERIFIED,freeCodeCamp — PostgreSQL setup,0:00–17:12,https://www.youtube.com/watch?v=SpfIwlAYaKk,"Watch the assigned visual first, then use the Teaching Book for the course-specific build. Close the visual before the independent task.",
49,DE03-12,03,Advanced SQL + PostgreSQL / Database Thinking,Constraints and transactions,VIDEO_SUPPORT,VERIFIED,freeCodeCamp — PostgreSQL constraints/transactions,2:29:24–3:25:04,https://www.youtube.com/watch?v=qw--VYLpxG4,"Watch the assigned visual first, then use the Teaching Book for the course-specific build. Close the visual before the independent task.",
50,DE03-13,03,Advanced SQL + PostgreSQL / Database Thinking,Indexes and EXPLAIN basics,VIDEO_SUPPORT,VERIFIED VIDEO,Luke Barousse — SQL for Data Analytics,5:10:55–5:42:10 — EXPLAIN and query optimization,https://www.youtube.com/watch?v=7mz73uXD9DA,"Watch the EXPLAIN/optimization block, then use the course PostgreSQL task to compare plans and explain what changed.",Video target confirmed; PostgreSQL-specific course lab remains the mastery proof.
51,DE03-14,03,Advanced SQL + PostgreSQL / Database Thinking,Views and reusable database logic,VIDEO_SUPPORT,VERIFIED,freeCodeCamp — PostgreSQL detailed course,Use matching Views section; Teaching Book is authoritative,https://www.youtube.com/watch?v=qw--VYLpxG4,"Watch the assigned visual first, then use the Teaching Book for the course-specific build. Close the visual before the independent task.",
52,DE03-15,03,Advanced SQL + PostgreSQL / Database Thinking,Integrated unseen SQL challenge,PRACTICE_ONLY,NO VIDEO BY DESIGN,Independent practice / protected assessment,,,"Keep videos, answers and AI solving closed during the attempt. Use review only after saving a genuine attempt.","No tutorial during this task by design. Attempt it independently, then use the locked review/remediation flow."
53,DE03-16,03,Advanced SQL + PostgreSQL / Database Thinking,Timed SQL interview set and explanation,PRACTICE_ONLY,NO VIDEO BY DESIGN,Independent practice / protected assessment,,,"Keep videos, answers and AI solving closed during the attempt. Use review only after saving a genuine attempt.","No tutorial during this task by design. Attempt it independently, then use the locked review/remediation flow."
54,DE04-01,04,Python Foundations,Python setup and first program,VIDEO_PRIMARY,VERIFIED,Luke Barousse — Python for Data Analytics,0:08:42–0:18:52,https://www.youtube.com/watch?v=wUSDVGivd-8,"Watch the assigned visual first, then use the Teaching Book for the course-specific build. Close the visual before the independent task.",
55,DE04-02,04,Python Foundations,"Variables, data types and operators",VIDEO_PRIMARY,VERIFIED,Luke Barousse — Python for Data Analytics,0:18:52–0:48:41,https://www.youtube.com/watch?v=wUSDVGivd-8,"Watch the assigned visual first, then use the Teaching Book for the course-specific build. Close the visual before the independent task.",
56,DE04-03,04,Python Foundations,Strings and formatting,VIDEO_PRIMARY,VERIFIED,Luke Barousse — Python for Data Analytics,0:48:41–1:05:06,https://www.youtube.com/watch?v=wUSDVGivd-8,"Watch the assigned visual first, then use the Teaching Book for the course-specific build. Close the visual before the independent task.",
57,DE04-04,04,Python Foundations,Conditions and boolean logic,VIDEO_PRIMARY,VERIFIED,Luke Barousse — Python for Data Analytics,1:26:20–1:34:24,https://www.youtube.com/watch?v=wUSDVGivd-8,"Watch the assigned visual first, then use the Teaching Book for the course-specific build. Close the visual before the independent task.",
58,DE04-05,04,Python Foundations,"Lists, tuples, sets and dictionaries",VIDEO_PRIMARY,VERIFIED,Luke Barousse — Python for Data Analytics,1:34:24–2:12:26,https://www.youtube.com/watch?v=wUSDVGivd-8,"Watch the assigned visual first, then use the Teaching Book for the course-specific build. Close the visual before the independent task.",
59,DE04-06,04,Python Foundations,Loops and iteration,VIDEO_PRIMARY,VERIFIED,Luke Barousse — Python for Data Analytics,2:21:06–2:36:31,https://www.youtube.com/watch?v=wUSDVGivd-8,"Watch the assigned visual first, then use the Teaching Book for the course-specific build. Close the visual before the independent task.",
60,DE04-07,04,Python Foundations,Functions and scope,VIDEO_PRIMARY,VERIFIED,Luke Barousse — Python for Data Analytics,2:52:12–3:02:03,https://www.youtube.com/watch?v=wUSDVGivd-8,"Watch the assigned visual first, then use the Teaching Book for the course-specific build. Close the visual before the independent task.",
61,DE04-08,04,Python Foundations,"Modules, imports and project structure",VIDEO_PRIMARY,VERIFIED,Luke Barousse — Python for Data Analytics,3:12:46–3:28:16,https://www.youtube.com/watch?v=wUSDVGivd-8,"Watch the assigned visual first, then use the Teaching Book for the course-specific build. Close the visual before the independent task.",
62,DE04-09,04,Python Foundations,Exceptions and debugging basics,VIDEO_PRIMARY,VERIFIED STABLE VIDEO,Corey Schafer — Python Try/Except Error Handling,Full focused lesson,https://www.youtube.com/watch?v=NIWwJbo-9_8,"Watch the focused exceptions lesson, type the examples, then debug the course task without the video.","Older source, but Python try/except fundamentals are stable; final audit will still recheck availability."
63,DE04-10,04,Python Foundations,"Files, paths, CSV and JSON I/O",VIDEO_SUPPORT,VERIFIED STABLE VIDEO,Corey Schafer — Python File Objects,Full focused file I/O lesson; Teaching Book adds CSV/JSON specifics,https://www.youtube.com/watch?v=Uh2ebFW8OYM,Use for file/path I/O mechanics. The course remains authoritative for CSV/JSON engineering patterns and validation.,Older but stable Python file-I/O mechanics.
64,DE04-11,04,Python Foundations,"pandas foundations: load, inspect, filter and aggregate",VIDEO_PRIMARY,VERIFIED,Luke Barousse — Python for Data Analytics,4:22:56–5:08:26,https://www.youtube.com/watch?v=wUSDVGivd-8,"Watch the assigned visual first, then use the Teaching Book for the course-specific build. Close the visual before the independent task.",
65,DE04-12,04,Python Foundations,Practical Big-O intuition,VIDEO_SUPPORT,VERIFIED STABLE VIDEO,freeCodeCamp/Jovian — Data Structures and Algorithms in Python,00:50:52 — Big-O complexity,https://www.youtube.com/watch?v=pkYVOmU3MgA,Watch only the Big-O block needed for practical O(1)/O(n)/O(n²) intuition; do not turn this into a competitive-programming detour.,Long course used as a precise chapter source.
66,DE04-13,04,Python Foundations,Coding drills: lists and strings,PRACTICE_ONLY,NO VIDEO BY DESIGN,Independent practice / protected assessment,,,"Keep videos, answers and AI solving closed during the attempt. Use review only after saving a genuine attempt.","No tutorial during this task by design. Attempt it independently, then use the locked review/remediation flow."
67,DE04-14,04,Python Foundations,Coding drills: dictionaries and sets,PRACTICE_ONLY,NO VIDEO BY DESIGN,Independent practice / protected assessment,,,"Keep videos, answers and AI solving closed during the attempt. Use review only after saving a genuine attempt.","No tutorial during this task by design. Attempt it independently, then use the locked review/remediation flow."
68,DE04-15,04,Python Foundations,"Stack, queue, search and sort basics",VIDEO_SUPPORT,VERIFIED STABLE VIDEO,freeCodeCamp/Jovian — Data Structures and Algorithms in Python,1:24:57 — binary vs linear search + 5:16:47 — sorting; course book adds light stack/queue scope,https://www.youtube.com/watch?v=pkYVOmU3MgA,Use only the mapped search/sort portions. Stack/queue remain a lightweight course concept; no giant DSA diversion.,"Support, not full coverage of every subtopic in the lesson."
69,DE04-16,04,Python Foundations,Integrated Python checkpoint and reproducible script habits,OFFICIAL_GUIDED,VERIFIED OFFICIAL CURRENT,Python Packaging User Guide — Packaging Python Projects,"Current project layout: README, pyproject.toml, src/, tests/; use as a structure reference after your first checkpoint attempt",https://packaging.python.org/en/latest/tutorials/packaging-projects/,Attempt the integrated checkpoint first. Use this current PyPA guide only to repair reproducibility/project-structure weaknesses; it is not a solution walkthrough.,Keeps the checkpoint independent while giving a current official reference for reproducible Python project structure.
70,DE05-01,05,Python for Data Engineering,"CSV properly: parse, inspect, preserve raw",VIDEO_SUPPORT,VERIFIED WORKSHOP,DataTalksClub — Docker/PostgreSQL data-engineering workshop,Use the matching ingestion / Python-script / PostgreSQL chapter,https://www.youtube.com/watch?v=lP8xXebHmuE,"Watch the assigned visual first, then use the Teaching Book for the course-specific build. Close the visual before the independent task.","Use only the matching chapter; our Teaching Book adds retries, validation, idempotency, secrets and fresh independent work."
71,DE05-02,05,Python for Data Engineering,JSON and JSONL from zero,VIDEO_SUPPORT,VERIFIED WORKSHOP,DataTalksClub — Docker/PostgreSQL data-engineering workshop,Use the matching ingestion / Python-script / PostgreSQL chapter,https://www.youtube.com/watch?v=lP8xXebHmuE,"Watch the assigned visual first, then use the Teaching Book for the course-specific build. Close the visual before the independent task.","Use only the matching chapter; our Teaching Book adds retries, validation, idempotency, secrets and fresh independent work."
72,DE05-03,05,Python for Data Engineering,"Paths, folders and deterministic batch files",VIDEO_SUPPORT,VERIFIED WORKSHOP,DataTalksClub — Docker/PostgreSQL data-engineering workshop,Use the matching ingestion / Python-script / PostgreSQL chapter,https://www.youtube.com/watch?v=lP8xXebHmuE,"Watch the assigned visual first, then use the Teaching Book for the course-specific build. Close the visual before the independent task.","Use only the matching chapter; our Teaching Book adds retries, validation, idempotency, secrets and fresh independent work."
73,DE05-04,05,Python for Data Engineering,pandas profiling before transformation,VIDEO_SUPPORT,VERIFIED,Luke Barousse — pandas / Python mechanics refresher,4:22:56–5:08:26,https://www.youtube.com/watch?v=wUSDVGivd-8,"Watch the assigned visual first, then use the Teaching Book for the course-specific build. Close the visual before the independent task.",
74,DE05-05,05,Python for Data Engineering,Cleaning with pandas and rejected rows,VIDEO_SUPPORT,VERIFIED,Luke Barousse — pandas / Python mechanics refresher,4:22:56–5:08:26,https://www.youtube.com/watch?v=wUSDVGivd-8,"Watch the assigned visual first, then use the Teaching Book for the course-specific build. Close the visual before the independent task.",
75,DE05-06,05,Python for Data Engineering,"pandas merge, cardinality and aggregation",VIDEO_SUPPORT,VERIFIED,Luke Barousse — pandas / Python mechanics refresher,4:22:56–5:08:26,https://www.youtube.com/watch?v=wUSDVGivd-8,"Watch the assigned visual first, then use the Teaching Book for the course-specific build. Close the visual before the independent task.",
76,DE05-07,05,Python for Data Engineering,"Data validation: record, batch and relationship rules",VIDEO_PRIMARY,VERIFIED CURRENT VIDEO,Corey Schafer — Complete Pydantic Data Validation Course,Validation fundamentals → field/custom/nested validation; use only sections relevant to pipeline records,https://www.youtube.com/watch?v=M81pfi64eeM,"Use this modern validation class for the mental model, then implement the course record/batch/relationship validation rules independently.",Published 2025; directly relevant to runtime data validation and pipelines.
77,DE05-08,05,Python for Data Engineering,HTTP and REST APIs from zero,VIDEO_SUPPORT,VERIFIED WORKSHOP,DataTalksClub — Docker/PostgreSQL data-engineering workshop,Use the matching ingestion / Python-script / PostgreSQL chapter,https://www.youtube.com/watch?v=lP8xXebHmuE,"Watch the assigned visual first, then use the Teaching Book for the course-specific build. Close the visual before the independent task.","Use only the matching chapter; our Teaching Book adds retries, validation, idempotency, secrets and fresh independent work."
78,DE05-09,05,Python for Data Engineering,Calling APIs safely with requests,VIDEO_SUPPORT,VERIFIED WORKSHOP,DataTalksClub — Docker/PostgreSQL data-engineering workshop,Use the matching ingestion / Python-script / PostgreSQL chapter,https://www.youtube.com/watch?v=lP8xXebHmuE,"Watch the assigned visual first, then use the Teaching Book for the course-specific build. Close the visual before the independent task.","Use only the matching chapter; our Teaching Book adds retries, validation, idempotency, secrets and fresh independent work."
79,DE05-10,05,Python for Data Engineering,Pagination and authentication without leaking secrets,VIDEO_SUPPORT,VERIFIED WORKSHOP,DataTalksClub — Docker/PostgreSQL data-engineering workshop,Use the matching ingestion / Python-script / PostgreSQL chapter,https://www.youtube.com/watch?v=lP8xXebHmuE,"Watch the assigned visual first, then use the Teaching Book for the course-specific build. Close the visual before the independent task.","Use only the matching chapter; our Teaching Book adds retries, validation, idempotency, secrets and fresh independent work."
80,DE05-11,05,Python for Data Engineering,"Retries, rate limits and partial failure",VIDEO_SUPPORT,VERIFIED WORKSHOP,DataTalksClub — Docker/PostgreSQL data-engineering workshop,Use the matching ingestion / Python-script / PostgreSQL chapter,https://www.youtube.com/watch?v=lP8xXebHmuE,"Watch the assigned visual first, then use the Teaching Book for the course-specific build. Close the visual before the independent task.","Use only the matching chapter; our Teaching Book adds retries, validation, idempotency, secrets and fresh independent work."
81,DE05-12,05,Python for Data Engineering,Python + PostgreSQL with SQLAlchemy,VIDEO_SUPPORT,VERIFIED WORKSHOP,DataTalksClub — Docker/PostgreSQL data-engineering workshop,Use the matching ingestion / Python-script / PostgreSQL chapter,https://www.youtube.com/watch?v=lP8xXebHmuE,"Watch the assigned visual first, then use the Teaching Book for the course-specific build. Close the visual before the independent task.","Use only the matching chapter; our Teaching Book adds retries, validation, idempotency, secrets and fresh independent work."
82,DE05-13,05,Python for Data Engineering,"Configuration, environment variables and secret hygiene",VIDEO_SUPPORT,VERIFIED,Luke Barousse — environments / project setup,5:50:56–6:27:15,https://www.youtube.com/watch?v=wUSDVGivd-8,"Watch the assigned visual first, then use the Teaching Book for the course-specific build. Close the visual before the independent task.",
83,DE05-14,05,Python for Data Engineering,"Logging, testing and reusable pipeline code",VIDEO_SUPPORT,VERIFIED CONFERENCE VIDEO,PyCon US 2025 — Building Resilient Data Pipelines: The Power of Idempotency,Full ~25-minute talk; focus on resilient pipeline design + pytest strategy,https://www.youtube.com/watch?v=kT8YWX4NE2o,Use this as the testing/reliability visual layer. The Teaching Book still teaches logging and reusable code structure. Close the video before the independent pipeline task.,PyCon US 2025 talk explicitly covers data-pipeline design and testing with pytest; it supplements rather than replaces the course logging/reuse lab.
84,DE05-15,05,Python for Data Engineering,Integrated Python data-engineering pipeline,VIDEO_SUPPORT,VERIFIED WORKSHOP,DataTalksClub — Docker/PostgreSQL data-engineering workshop,Use the matching ingestion / Python-script / PostgreSQL chapter,https://www.youtube.com/watch?v=lP8xXebHmuE,"Watch the assigned visual first, then use the Teaching Book for the course-specific build. Close the visual before the independent task.","Use only the matching chapter; our Teaching Book adds retries, validation, idempotency, secrets and fresh independent work."
85,DE06-01,06,Git + GitHub + Linux/WSL Engineering Foundations,Verify WSL2 and choose a safe Linux workspace,OFFICIAL_GUIDED,VERIFIED OFFICIAL,Microsoft Learn — WSL / Linux environment guide,Follow the exact current guide + course terminal demo,https://learn.microsoft.com/en-us/windows/wsl/install,"Watch the assigned visual first, then use the Teaching Book for the course-specific build. Close the visual before the independent task.",Official guide is intentionally used because WSL setup changes faster than generic videos.
86,DE06-02,06,Git + GitHub + Linux/WSL Engineering Foundations,Linux navigation and safe file operations,OFFICIAL_GUIDED,VERIFIED OFFICIAL,Microsoft Learn — WSL / Linux environment guide,Follow the exact current guide + course terminal demo,https://learn.microsoft.com/en-us/windows/wsl/install,"Watch the assigned visual first, then use the Teaching Book for the course-specific build. Close the visual before the independent task.",Official guide is intentionally used because WSL setup changes faster than generic videos.
87,DE06-03,06,Git + GitHub + Linux/WSL Engineering Foundations,"Pipes, redirection, command history and inspection",OFFICIAL_GUIDED,VERIFIED OFFICIAL,Microsoft Learn — WSL / Linux environment guide,Follow the exact current guide + course terminal demo,https://learn.microsoft.com/en-us/windows/wsl/install,"Watch the assigned visual first, then use the Teaching Book for the course-specific build. Close the visual before the independent task.",Official guide is intentionally used because WSL setup changes faster than generic videos.
88,DE06-04,06,Git + GitHub + Linux/WSL Engineering Foundations,"Permissions, packages, sudo and command safety",OFFICIAL_GUIDED,VERIFIED OFFICIAL,Microsoft Learn — WSL / Linux environment guide,Follow the exact current guide + course terminal demo,https://learn.microsoft.com/en-us/windows/wsl/install,"Watch the assigned visual first, then use the Teaching Book for the course-specific build. Close the visual before the independent task.",Official guide is intentionally used because WSL setup changes faster than generic videos.
89,DE06-05,06,Git + GitHub + Linux/WSL Engineering Foundations,"Git state: init, status, add, commit, diff and log",VIDEO_PRIMARY,VERIFIED,freeCodeCamp — Git & GitHub Crash Course for Beginners [2026],0:01:04–0:05:41 + 0:14:41–0:20:20,https://www.youtube.com/watch?v=mAFoROnOfHs,"Watch the assigned visual first, then use the Teaching Book for the course-specific build. Close the visual before the independent task.",
90,DE06-06,06,Git + GitHub + Linux/WSL Engineering Foundations,"Branches, merges and real conflict resolution",VIDEO_PRIMARY,VERIFIED,freeCodeCamp — Git & GitHub Crash Course for Beginners [2026],0:40:58–0:52:13,https://www.youtube.com/watch?v=mAFoROnOfHs,"Watch the assigned visual first, then use the Teaching Book for the course-specific build. Close the visual before the independent task.",
91,DE06-07,06,Git + GitHub + Linux/WSL Engineering Foundations,"GitHub remotes: push, fetch, pull and tracking",VIDEO_PRIMARY,VERIFIED,freeCodeCamp — Git & GitHub Crash Course for Beginners [2026],0:16:04–0:20:20 + 0:55:50–1:00:24,https://www.youtube.com/watch?v=mAFoROnOfHs,"Watch the assigned visual first, then use the Teaching Book for the course-specific build. Close the visual before the independent task.",
92,DE06-08,06,Git + GitHub + Linux/WSL Engineering Foundations,Pull requests and review workflow,VIDEO_PRIMARY,VERIFIED,freeCodeCamp — Git & GitHub Crash Course for Beginners [2026],1:16:48–1:19:57,https://www.youtube.com/watch?v=mAFoROnOfHs,"Watch the assigned visual first, then use the Teaching Book for the course-specific build. Close the visual before the independent task.",
93,DE06-09,06,Git + GitHub + Linux/WSL Engineering Foundations,Python virtual environments inside a repository,VIDEO_SUPPORT,VERIFIED,Luke Barousse — virtual environments / dependencies,6:10:49–6:27:15,https://www.youtube.com/watch?v=wUSDVGivd-8,"Watch the assigned visual first, then use the Teaching Book for the course-specific build. Close the visual before the independent task.",
94,DE06-10,06,Git + GitHub + Linux/WSL Engineering Foundations,".gitignore, secrets and repository hygiene",VIDEO_SUPPORT,VERIFIED,freeCodeCamp — Git & GitHub Crash Course for Beginners [2026],Use repo-hygiene / .gitignore portion; Teaching Book adds secret safety,https://www.youtube.com/watch?v=mAFoROnOfHs,"Watch the assigned visual first, then use the Teaching Book for the course-specific build. Close the visual before the independent task.",
95,DE06-11,06,Git + GitHub + Linux/WSL Engineering Foundations,"restore, revert, reflog and safe history repair",VIDEO_SUPPORT,VERIFIED,freeCodeCamp — Git & GitHub Crash Course for Beginners [2026],Use history/repair portion; Teaching Book is authoritative,https://www.youtube.com/watch?v=mAFoROnOfHs,"Watch the assigned visual first, then use the Teaching Book for the course-specific build. Close the visual before the independent task.",
96,DE06-12,06,Git + GitHub + Linux/WSL Engineering Foundations,"Shell scripts, exit codes and environment-driven commands",OFFICIAL_GUIDED,VERIFIED OFFICIAL,Microsoft Learn — WSL / Linux environment guide,Follow the exact current guide + course terminal demo,https://learn.microsoft.com/en-us/windows/wsl/install,"Watch the assigned visual first, then use the Teaching Book for the course-specific build. Close the visual before the independent task.",Official guide is intentionally used because WSL setup changes faster than generic videos.
97,DE06-13,06,Git + GitHub + Linux/WSL Engineering Foundations,Repository handoff and clean-clone reproducibility,VIDEO_SUPPORT,VERIFIED,freeCodeCamp — Git & GitHub Crash Course for Beginners [2026],Use clone/push/pull portions; then do clean-clone handoff,https://www.youtube.com/watch?v=mAFoROnOfHs,"Watch the assigned visual first, then use the Teaching Book for the course-specific build. Close the visual before the independent task.",
98,DE07-01,07,PostgreSQL + Data Modeling,Verify PostgreSQL connection and database/schema context,VIDEO_PRIMARY,VERIFIED,freeCodeCamp — PostgreSQL Tutorial for Beginners,0:00–17:12,https://www.youtube.com/watch?v=SpfIwlAYaKk,"Watch the assigned visual first, then use the Teaching Book for the course-specific build. Close the visual before the independent task.",
99,DE07-02,07,PostgreSQL + Data Modeling,"Tables, data types and explicit DDL",VIDEO_PRIMARY,VERIFIED,freeCodeCamp — detailed PostgreSQL course,41:37–55:55,https://www.youtube.com/watch?v=qw--VYLpxG4,"Watch the assigned visual first, then use the Teaching Book for the course-specific build. Close the visual before the independent task.",
100,DE07-03,07,PostgreSQL + Data Modeling,"Primary keys, foreign keys and constraints",VIDEO_PRIMARY,VERIFIED,freeCodeCamp — PostgreSQL constraints,2:29:24–2:49:15 + 3:16:41–3:25:04,https://www.youtube.com/watch?v=qw--VYLpxG4,"Watch the assigned visual first, then use the Teaching Book for the course-specific build. Close the visual before the independent task.",
101,DE07-04,07,PostgreSQL + Data Modeling,"Transactions, DML and UPSERT",VIDEO_PRIMARY,VERIFIED,freeCodeCamp — PostgreSQL DML/transactions,2:54:45–3:16:41,https://www.youtube.com/watch?v=qw--VYLpxG4,"Watch the assigned visual first, then use the Teaching Book for the course-specific build. Close the visual before the independent task.",
102,DE07-05,07,PostgreSQL + Data Modeling,Indexes and EXPLAIN evidence,VIDEO_SUPPORT,VERIFIED SUPPORT,PostgresConf — Basic understanding of EXPLAIN ANALYZE,Beginner EXPLAIN/ANALYZE class; use the index-scan / sequential-scan sections,https://www.youtube.com/watch?v=Kdjz2e8HYPU,Long or short video is allowed when it teaches the competency well. Watch actively without handwritten notes; type/run/follow when relevant. Use the Teaching Book as ready-made notes. Close video/review/AI solving before the independent task.,Stable PostgreSQL performance concepts; Teaching Book still controls the exact evidence task.
103,DE07-06,07,PostgreSQL + Data Modeling,Operational vs analytical modeling and normalization,VIDEO_PRIMARY,VERIFIED,DataTalksClub DE Zoomcamp — Introduction to data modeling,Main modeling class — operational vs analytical thinking + dimensional-model context,https://www.youtube.com/watch?v=uF76d5EmdtU,Long or short video is allowed when it teaches the competency well. Watch actively without handwritten notes; type/run/follow when relevant. Use the Teaching Book as ready-made notes. Close video/review/AI solving before the independent task.,Use as the visual teacher; course lab supplies the exact PostgreSQL implementation.
104,DE07-07,07,PostgreSQL + Data Modeling,"Facts, dimensions and star-schema grain",VIDEO_PRIMARY,VERIFIED,DataTalksClub DE Zoomcamp — Introduction to data modeling,"Main modeling class — facts, dimensions, grain and star-schema reasoning",https://www.youtube.com/watch?v=uF76d5EmdtU,Long or short video is allowed when it teaches the competency well. Watch actively without handwritten notes; type/run/follow when relevant. Use the Teaching Book as ready-made notes. Close video/review/AI solving before the independent task.,One coherent class may support several lessons. Do not rewatch from zero if the relevant idea is already clear.
105,DE07-08,07,PostgreSQL + Data Modeling,Surrogate keys and referential integrity,VIDEO_SUPPORT,VERIFIED SUPPORT,DataTalksClub DE Zoomcamp — Introduction to data modeling,Main modeling class — dimensional model keys/grain; Teaching Book adds surrogate-key rules,https://www.youtube.com/watch?v=uF76d5EmdtU,Long or short video is allowed when it teaches the competency well. Watch actively without handwritten notes; type/run/follow when relevant. Use the Teaching Book as ready-made notes. Close video/review/AI solving before the independent task.,Video gives the model; the book/lab handles the exact referential-integrity implementation.
106,DE07-09,07,PostgreSQL + Data Modeling,Slowly Changing Dimension Type 2 history,VIDEO_PRIMARY,STABLE CONCEPT — VERIFIED,TechLake — Slowly Changing Dimensions and Types,Whole focused SCD class; concentrate on Type 1 vs Type 2 history,https://www.youtube.com/watch?v=-XjPvozl-So,Long or short video is allowed when it teaches the competency well. Watch actively without handwritten notes; type/run/follow when relevant. Use the Teaching Book as ready-made notes. Close video/review/AI solving before the independent task.,Older recording is acceptable here because SCD Type 1/2 concepts are stable; implementation is validated in our current PostgreSQL lab.
107,DE07-10,07,PostgreSQL + Data Modeling,Build and validate a small analytical database,VIDEO_SUPPORT,VERIFIED SUPPORT,DataTalksClub DE Zoomcamp — Introduction to data modeling,Revisit only the model-design parts needed before building the analytical database,https://www.youtube.com/watch?v=uF76d5EmdtU,Long or short video is allowed when it teaches the competency well. Watch actively without handwritten notes; type/run/follow when relevant. Use the Teaching Book as ready-made notes. Close video/review/AI solving before the independent task.,Build remains independent; this is not a copy-the-project solution.
108,DE07-11,07,PostgreSQL + Data Modeling,Bulk loading with COPY / staging boundaries,VIDEO_SUPPORT,VERIFIED,freeCodeCamp — PostgreSQL detailed course,Use COPY / loading section if present; Teaching Book is authoritative,https://www.youtube.com/watch?v=qw--VYLpxG4,"Watch the assigned visual first, then use the Teaching Book for the course-specific build. Close the visual before the independent task.",
109,DE07-12,07,PostgreSQL + Data Modeling,"Schemas, roles and least-privilege boundaries",VIDEO_SUPPORT,VERIFIED,freeCodeCamp — PostgreSQL detailed course,Use roles/privileges section if present; Teaching Book is authoritative,https://www.youtube.com/watch?v=qw--VYLpxG4,"Watch the assigned visual first, then use the Teaching Book for the course-specific build. Close the visual before the independent task.",
110,DE07-13,07,PostgreSQL + Data Modeling,"Schema change, backup/restore and handoff validation",VIDEO_SUPPORT,VERIFIED,freeCodeCamp — PostgreSQL detailed course,Use backup/restore/schema-change support only; Teaching Book is authoritative,https://www.youtube.com/watch?v=qw--VYLpxG4,"Watch the assigned visual first, then use the Teaching Book for the course-specific build. Close the visual before the independent task.",
111,DE08-01,08,"Files, APIs & Data Ingestion",Ingestion architecture: source -> landing -> staging,VIDEO_SUPPORT,VERIFIED WORKSHOP,DataTalksClub — Docker/PostgreSQL data-engineering workshop,Use matching data-ingestion / script / database chapter,https://www.youtube.com/watch?v=lP8xXebHmuE,"Watch the assigned visual first, then use the Teaching Book for the course-specific build. Close the visual before the independent task.",
112,DE08-02,08,"Files, APIs & Data Ingestion",Defensive CSV ingestion,VIDEO_SUPPORT,VERIFIED WORKSHOP,DataTalksClub — Docker/PostgreSQL data-engineering workshop,Use matching data-ingestion / script / database chapter,https://www.youtube.com/watch?v=lP8xXebHmuE,"Watch the assigned visual first, then use the Teaching Book for the course-specific build. Close the visual before the independent task.",
113,DE08-03,08,"Files, APIs & Data Ingestion",JSON and nested-record ingestion,VIDEO_SUPPORT,VERIFIED WORKSHOP,DataTalksClub — Docker/PostgreSQL data-engineering workshop,Use matching data-ingestion / script / database chapter,https://www.youtube.com/watch?v=lP8xXebHmuE,"Watch the assigned visual first, then use the Teaching Book for the course-specific build. Close the visual before the independent task.",
114,DE08-04,08,"Files, APIs & Data Ingestion",Parquet ingestion and metadata inspection,LONG_CLASS,CURRENT 2026,DataTalksClub DE Zoomcamp 2026 — From APIs to Warehouses with dlt,Long-form main class — file/API ingestion and warehouse loading; use Parquet/file portions when reached,https://www.youtube.com/watch?v=5eMytPBgmVs,Long or short video is allowed when it teaches the competency well. Watch actively without handwritten notes; type/run/follow when relevant. Use the Teaching Book as ready-made notes. Close video/review/AI solving before the independent task.,"Long-form class is allowed. Watch coherently, then use the lesson-specific book/lab and do the independent task without the video."
115,DE08-05,08,"Files, APIs & Data Ingestion","REST API contracts, status codes and timeouts",VIDEO_SUPPORT,VERIFIED WORKSHOP,DataTalksClub — Docker/PostgreSQL data-engineering workshop,Use matching data-ingestion / script / database chapter,https://www.youtube.com/watch?v=lP8xXebHmuE,"Watch the assigned visual first, then use the Teaching Book for the course-specific build. Close the visual before the independent task.",
116,DE08-06,08,"Files, APIs & Data Ingestion","API authentication, pagination and rate limits",LONG_CLASS,CURRENT 2026,DataTalksClub DE Zoomcamp 2026 — From APIs to Warehouses with dlt,"Long-form main class — API extraction, authentication/pagination/rate-limit reliability concepts",https://www.youtube.com/watch?v=5eMytPBgmVs,Long or short video is allowed when it teaches the competency well. Watch actively without handwritten notes; type/run/follow when relevant. Use the Teaching Book as ready-made notes. Close video/review/AI solving before the independent task.,"The workshop is a main class, not a note-taking assignment. Type/run; do not transcribe."
117,DE08-07,08,"Files, APIs & Data Ingestion","Retries, backoff, jitter and transient failures",LONG_CLASS,CURRENT 2026,DataTalksClub DE Zoomcamp 2026 — From APIs to Warehouses with dlt,Long-form main class — reliable ingestion/failure handling; course lab adds explicit backoff/jitter evidence,https://www.youtube.com/watch?v=5eMytPBgmVs,Long or short video is allowed when it teaches the competency well. Watch actively without handwritten notes; type/run/follow when relevant. Use the Teaching Book as ready-made notes. Close video/review/AI solving before the independent task.,Workshop provides the visual workflow; our task proves retry behavior.
118,DE08-08,08,"Files, APIs & Data Ingestion",Database extraction and safe query boundaries,VIDEO_SUPPORT,VERIFIED WORKSHOP,DataTalksClub — Docker/PostgreSQL data-engineering workshop,Use matching data-ingestion / script / database chapter,https://www.youtube.com/watch?v=lP8xXebHmuE,"Watch the assigned visual first, then use the Teaching Book for the course-specific build. Close the visual before the independent task.",
119,DE08-09,08,"Files, APIs & Data Ingestion",Historical batch landing and raw metadata,VIDEO_SUPPORT,VERIFIED WORKSHOP,DataTalksClub — Docker/PostgreSQL data-engineering workshop,Use matching data-ingestion / script / database chapter,https://www.youtube.com/watch?v=lP8xXebHmuE,"Watch the assigned visual first, then use the Teaching Book for the course-specific build. Close the visual before the independent task.",
120,DE08-10,08,"Files, APIs & Data Ingestion",Incremental loads and high-water marks,VIDEO_SUPPORT,VERIFIED WORKSHOP,DataTalksClub — Docker/PostgreSQL data-engineering workshop,Use matching data-ingestion / script / database chapter,https://www.youtube.com/watch?v=lP8xXebHmuE,"Watch the assigned visual first, then use the Teaching Book for the course-specific build. Close the visual before the independent task.",
121,DE08-11,08,"Files, APIs & Data Ingestion",CDC concepts and change-event semantics,VIDEO_SUPPORT,VERIFIED 2025 VIDEO,Binod Suman Academy — Change Data Capture with Debezium/Kafka,What/why/how CDC + Debezium/MySQL/Kafka demo,https://www.youtube.com/watch?v=dN_11nBcv_A,Use for the CDC event mental model and real demo. Teaching Book remains authoritative for generic change-event semantics and failure reasoning.,Published 2025; tool-specific demo used to make the abstract CDC concept visible.
122,DE08-12,08,"Files, APIs & Data Ingestion","Schema drift, compatibility, time zones and quarantine",LONG_CLASS,CURRENT 2026,DataTalksClub DE Zoomcamp 2026 — From APIs to Warehouses with dlt,Long-form main class — schema normalization/change validation; book adds compatibility/time-zone/quarantine rules,https://www.youtube.com/watch?v=5eMytPBgmVs,Long or short video is allowed when it teaches the competency well. Watch actively without handwritten notes; type/run/follow when relevant. Use the Teaching Book as ready-made notes. Close video/review/AI solving before the independent task.,Use current workshop plus our stricter data-contract exercises.
123,DE08-13,08,"Files, APIs & Data Ingestion",Checkpoint/state management and replay safety,LONG_CLASS,CURRENT 2026,DataTalksClub DE Zoomcamp 2026 — From APIs to Warehouses with dlt,Long-form main class — incremental/stateful ingestion; course task proves checkpoint/replay safety,https://www.youtube.com/watch?v=5eMytPBgmVs,Long or short video is allowed when it teaches the competency well. Watch actively without handwritten notes; type/run/follow when relevant. Use the Teaching Book as ready-made notes. Close video/review/AI solving before the independent task.,No handwritten notes: save runnable state/checkpoint evidence instead.
124,DE08-14,08,"Files, APIs & Data Ingestion",Idempotent landing and content identity,VIDEO_PRIMARY,VERIFIED CONFERENCE VIDEO,PyCon US 2025 — Building Resilient Data Pipelines: The Power of Idempotency,Full ~25-minute talk — pitfalls → idempotent design → pytest strategy,https://www.youtube.com/watch?v=kT8YWX4NE2o,"Watch the talk, then implement the course idempotent landing/content-identity task. Watching alone does not pass the lesson.",PyCon US 2025 program confirms topic and presenter.
125,DE08-15,08,"Files, APIs & Data Ingestion","Late-arriving data, event time and processing time",OFFICIAL_VIDEO_COURSE,VERIFIED OFFICIAL CURRENT COURSE,Confluent Developer — Event Time and Watermarks,"12-minute video: event time vs processing time, out-of-order events, watermarks and late data",https://developer.confluent.io/courses/apache-flink/timely-stream-processing/,Use the official video to see why event time differs from processing time; course task applies the concept without requiring Flink mastery.,Official Confluent course page with hands-on exercises; current as audited 2026-08-28.
126,DE08-16,08,"Files, APIs & Data Ingestion","Ingestion observability: counts, latency and run metadata",LONG_CLASS,CURRENT 2026,DataTalksClub DE Zoomcamp 2026 — From APIs to Warehouses with dlt,Long-form main class — pipeline metadata/validation/dashboard concepts; course lab adds counts/latency/run metadata,https://www.youtube.com/watch?v=5eMytPBgmVs,Long or short video is allowed when it teaches the competency well. Watch actively without handwritten notes; type/run/follow when relevant. Use the Teaching Book as ready-made notes. Close video/review/AI solving before the independent task.,"Evidence should be output/logs, not copied lecture notes."
127,DE08-17,08,"Files, APIs & Data Ingestion","Ingestion integration, reconciliation and backfill proof",VIDEO_SUPPORT,VERIFIED WORKSHOP,DataTalksClub — Docker/PostgreSQL data-engineering workshop,Use matching data-ingestion / script / database chapter,https://www.youtube.com/watch?v=lP8xXebHmuE,"Watch the assigned visual first, then use the Teaching Book for the course-specific build. Close the visual before the independent task.",
128,DE09-01,09,ETL/ELT + Data Quality + Transformation Engineering,ETL vs ELT and transformation boundaries,VIDEO_PRIMARY,VERIFIED,DataTalksClub DE Zoomcamp — Introduction to Analytics Engineering,Whole introduction — ETL/ELT boundary and analytics-engineering role,https://www.youtube.com/watch?v=HxMIsPrIyGQ,Long or short video is allowed when it teaches the competency well. Watch actively without handwritten notes; type/run/follow when relevant. Use the Teaching Book as ready-made notes. Close video/review/AI solving before the independent task.,Book retains our DE-specific boundaries and reliability rules.
129,DE09-02,09,ETL/ELT + Data Quality + Transformation Engineering,"Raw, staging, clean/intermediate and serving contracts",VIDEO_PRIMARY,VERIFIED,DataTalksClub DE Zoomcamp — dbt Project Structure,Whole focused lesson — project layers/structure; map to raw → staging → intermediate → serving,https://www.youtube.com/watch?v=2dYDS4OQbT0,Long or short video is allowed when it teaches the competency well. Watch actively without handwritten notes; type/run/follow when relevant. Use the Teaching Book as ready-made notes. Close video/review/AI solving before the independent task.,Use as visual teacher; do not replace our contract/evidence task.
130,DE09-03,09,ETL/ELT + Data Quality + Transformation Engineering,Deterministic transformations and production SQL style,VIDEO_PRIMARY,VERIFIED,DataTalksClub DE Zoomcamp — dbt Models,Whole focused lesson — deterministic SQL models and dependencies,https://www.youtube.com/watch?v=JQYz-8sl1aQ,Long or short video is allowed when it teaches the competency well. Watch actively without handwritten notes; type/run/follow when relevant. Use the Teaching Book as ready-made notes. Close video/review/AI solving before the independent task.,Course book adds production SQL style and rerun correctness.
131,DE09-04,09,ETL/ELT + Data Quality + Transformation Engineering,Deduplication and key integrity,VIDEO_SUPPORT,VERIFIED SUPPORT,DataTalksClub DE Zoomcamp — dbt Tests,Focused tests class — uniqueness/not-null/relationship thinking; book adds dedup key-integrity workflow,https://www.youtube.com/watch?v=bvZ-rJm7uMU,Long or short video is allowed when it teaches the competency well. Watch actively without handwritten notes; type/run/follow when relevant. Use the Teaching Book as ready-made notes. Close video/review/AI solving before the independent task.,Testing video reinforces the key-integrity objective; independent dedup implementation stays course-owned.
132,DE09-05,09,ETL/ELT + Data Quality + Transformation Engineering,Schema checks and data contracts,LONG_CLASS,VERIFIED OFFICIAL CONFLUENT,Confluent — How to use Data Contracts for Long-Term Schema Management,"0:00–17:00: data-contract purpose, JSON-blob problems, Avro/Protobuf advantages; book/lab adds batch schema checks and quarantine",https://www.youtube.com/watch?v=ZIJB8cs-cJU,"Watch the assigned contract/schema section, then implement the course schema checks and failure handling. The streaming examples are a concept bridge, not a replacement for the batch contract lab.",Explicitly strengthens data-contract depth found in modern DE programs without adding a second full course.
133,DE09-06,09,ETL/ELT + Data Quality + Transformation Engineering,Source-to-target reconciliation,VIDEO_SUPPORT,VERIFIED SUPPORT,DataTalksClub DE Zoomcamp — dbt Sources,Sources/freshness context; pair with our source-to-target reconciliation lab,https://www.youtube.com/watch?v=7CrrXazV_8k,Long or short video is allowed when it teaches the competency well. Watch actively without handwritten notes; type/run/follow when relevant. Use the Teaching Book as ready-made notes. Close video/review/AI solving before the independent task.,Reconciliation proof remains our controlled task.
134,DE09-07,09,ETL/ELT + Data Quality + Transformation Engineering,Incremental processing and safe reruns,LONG_CLASS,CURRENT 2026,DataTalksClub DE Zoomcamp 2026 — From APIs to Warehouses with dlt,Long-form main class — incremental loading; book/lab proves safe rerun and watermark/state behavior,https://www.youtube.com/watch?v=5eMytPBgmVs,Long or short video is allowed when it teaches the competency well. Watch actively without handwritten notes; type/run/follow when relevant. Use the Teaching Book as ready-made notes. Close video/review/AI solving before the independent task.,Use the long class once; later revisit only the incremental section.
135,DE09-08,09,ETL/ELT + Data Quality + Transformation Engineering,"Failure behavior, retries, quarantine and atomic state",VIDEO_SUPPORT,VERIFIED SUPPORT,DataTalksClub DE Zoomcamp — dbt Commands,Focused commands/build class; course failure lab adds retry/quarantine/atomic-state behavior,https://www.youtube.com/watch?v=t4OeWHW3SsA,Long or short video is allowed when it teaches the competency well. Watch actively without handwritten notes; type/run/follow when relevant. Use the Teaching Book as ready-made notes. Close video/review/AI solving before the independent task.,Video shows operation; our failure scenarios prove reliability.
136,DE09-09,09,ETL/ELT + Data Quality + Transformation Engineering,"Lineage, run metadata and auditability",VIDEO_PRIMARY,VERIFIED,DataTalksClub DE Zoomcamp — dbt Documentation,Whole focused lesson — documentation/lineage context,https://www.youtube.com/watch?v=UqoWyMjcqrA,Long or short video is allowed when it teaches the competency well. Watch actively without handwritten notes; type/run/follow when relevant. Use the Teaching Book as ready-made notes. Close video/review/AI solving before the independent task.,Course adds run metadata and auditability evidence.
137,DE09-10,09,ETL/ELT + Data Quality + Transformation Engineering,Build and defend a reliable batch pipeline,VIDEO_SUPPORT,VERIFIED SUPPORT,DataTalksClub DE Zoomcamp — dbt video course sequence,Main-class review: project structure → sources → models → tests → docs; then close video and build independently,https://www.youtube.com/watch?v=2dYDS4OQbT0,Long or short video is allowed when it teaches the competency well. Watch actively without handwritten notes; type/run/follow when relevant. Use the Teaching Book as ready-made notes. Close video/review/AI solving before the independent task.,Do not copy a finished project. This is pre-build consolidation only.
138,DE09-11,09,ETL/ELT + Data Quality + Transformation Engineering,"dbt-style project anatomy, sources and dependency graph",VIDEO_PRIMARY,VERIFIED 2026 MODULE,DataTalksClub Zoomcamp — dbt project structure,Whole focused lesson,https://www.youtube.com/watch?v=2dYDS4OQbT0,"Watch the assigned visual first, then use the Teaching Book for the course-specific build. Close the visual before the independent task.",
139,DE09-12,09,ETL/ELT + Data Quality + Transformation Engineering,"Executable data tests, quality severity and CI boundaries",VIDEO_PRIMARY,VERIFIED 2026 MODULE,DataTalksClub Zoomcamp — dbt tests,Whole focused lesson,https://www.youtube.com/watch?v=bvZ-rJm7uMU,"Watch the assigned visual first, then use the Teaching Book for the course-specific build. Close the visual before the independent task.",
140,DE09-13,09,ETL/ELT + Data Quality + Transformation Engineering,"Incremental models, materialization, documentation and handoff",VIDEO_PRIMARY,VERIFIED 2026 MODULE,DataTalksClub Zoomcamp — dbt models + commands,Whole focused lesson; then use dbt commands lesson if needed,https://www.youtube.com/watch?v=JQYz-8sl1aQ,"Watch the assigned visual first, then use the Teaching Book for the course-specific build. Close the visual before the independent task.",Companion command video: https://www.youtube.com/watch?v=t4OeWHW3SsA
141,DE10-01,10,Docker + Airflow,Why containers exist,VIDEO_PRIMARY,VERIFIED 2026 WORKSHOP,DataTalksClub Zoomcamp — Docker & PostgreSQL DE workshop,Use the matching Docker / Dockerfile / networking / Compose chapter,https://www.youtube.com/watch?v=lP8xXebHmuE,"Watch the assigned visual first, then use the Teaching Book for the course-specific build. Close the visual before the independent task.",
142,DE10-02,10,Docker + Airflow,Images and containers,VIDEO_PRIMARY,VERIFIED 2026 WORKSHOP,DataTalksClub Zoomcamp — Docker & PostgreSQL DE workshop,Use the matching Docker / Dockerfile / networking / Compose chapter,https://www.youtube.com/watch?v=lP8xXebHmuE,"Watch the assigned visual first, then use the Teaching Book for the course-specific build. Close the visual before the independent task.",
143,DE10-03,10,Docker + Airflow,Writing a Dockerfile,VIDEO_PRIMARY,VERIFIED 2026 WORKSHOP,DataTalksClub Zoomcamp — Docker & PostgreSQL DE workshop,Use the matching Docker / Dockerfile / networking / Compose chapter,https://www.youtube.com/watch?v=lP8xXebHmuE,"Watch the assigned visual first, then use the Teaching Book for the course-specific build. Close the visual before the independent task.",
144,DE10-04,10,Docker + Airflow,Ports,VIDEO_PRIMARY,VERIFIED 2026 WORKSHOP,DataTalksClub Zoomcamp — Docker & PostgreSQL DE workshop,Use the matching Docker / Dockerfile / networking / Compose chapter,https://www.youtube.com/watch?v=lP8xXebHmuE,"Watch the assigned visual first, then use the Teaching Book for the course-specific build. Close the visual before the independent task.",
145,DE10-05,10,Docker + Airflow,Volumes and persistence,VIDEO_PRIMARY,VERIFIED 2026 WORKSHOP,DataTalksClub Zoomcamp — Docker & PostgreSQL DE workshop,Use the matching Docker / Dockerfile / networking / Compose chapter,https://www.youtube.com/watch?v=lP8xXebHmuE,"Watch the assigned visual first, then use the Teaching Book for the course-specific build. Close the visual before the independent task.",
146,DE10-06,10,Docker + Airflow,Networks and service communication,VIDEO_PRIMARY,VERIFIED 2026 WORKSHOP,DataTalksClub Zoomcamp — Docker & PostgreSQL DE workshop,Use the matching Docker / Dockerfile / networking / Compose chapter,https://www.youtube.com/watch?v=lP8xXebHmuE,"Watch the assigned visual first, then use the Teaching Book for the course-specific build. Close the visual before the independent task.",
147,DE10-07,10,Docker + Airflow,"Compose, configuration and secrets",VIDEO_PRIMARY,VERIFIED 2026 WORKSHOP,DataTalksClub Zoomcamp — Docker & PostgreSQL DE workshop,Use the matching Docker / Dockerfile / networking / Compose chapter,https://www.youtube.com/watch?v=lP8xXebHmuE,"Watch the assigned visual first, then use the Teaching Book for the course-specific build. Close the visual before the independent task.",
148,DE10-08,10,Docker + Airflow,Why orchestration exists,VIDEO_SUPPORT,VERIFIED SUPPORT,Astronomer — Airflow 101: Essential Tips for Beginners,Use as visual concept/demo; Teaching Book + current docs cover the exact Airflow version,https://www.youtube.com/watch?v=5SFVDr6F4vg,"Watch the assigned visual first, then use the Teaching Book for the course-specific build. Close the visual before the independent task.",For backfills/reprocessing use current Astronomer docs; for DAG testing use current testing docs.
149,DE10-09,10,Docker + Airflow,Airflow architecture and UI,VIDEO_SUPPORT,VERIFIED SUPPORT,Astronomer — Airflow 101: Essential Tips for Beginners,Use as visual concept/demo; Teaching Book + current docs cover the exact Airflow version,https://www.youtube.com/watch?v=5SFVDr6F4vg,"Watch the assigned visual first, then use the Teaching Book for the course-specific build. Close the visual before the independent task.",For backfills/reprocessing use current Astronomer docs; for DAG testing use current testing docs.
150,DE10-10,10,Docker + Airflow,"DAGs, tasks and dependencies",VIDEO_SUPPORT,VERIFIED SUPPORT,Astronomer — Airflow 101: Essential Tips for Beginners,Use as visual concept/demo; Teaching Book + current docs cover the exact Airflow version,https://www.youtube.com/watch?v=5SFVDr6F4vg,"Watch the assigned visual first, then use the Teaching Book for the course-specific build. Close the visual before the independent task.",For backfills/reprocessing use current Astronomer docs; for DAG testing use current testing docs.
151,DE10-11,10,Docker + Airflow,"TaskFlow, operators and task communication",VIDEO_SUPPORT,VERIFIED SUPPORT,Astronomer — Airflow 101: Essential Tips for Beginners,Use as visual concept/demo; Teaching Book + current docs cover the exact Airflow version,https://www.youtube.com/watch?v=5SFVDr6F4vg,"Watch the assigned visual first, then use the Teaching Book for the course-specific build. Close the visual before the independent task.",For backfills/reprocessing use current Astronomer docs; for DAG testing use current testing docs.
152,DE10-12,10,Docker + Airflow,Scheduling and data intervals,VIDEO_SUPPORT,VERIFIED SUPPORT,Astronomer — Airflow 101: Essential Tips for Beginners,Use as visual concept/demo; Teaching Book + current docs cover the exact Airflow version,https://www.youtube.com/watch?v=5SFVDr6F4vg,"Watch the assigned visual first, then use the Teaching Book for the course-specific build. Close the visual before the independent task.",For backfills/reprocessing use current Astronomer docs; for DAG testing use current testing docs.
153,DE10-13,10,Docker + Airflow,"Retries, timeouts and failure behavior",VIDEO_SUPPORT,VERIFIED SUPPORT,Astronomer — Airflow 101: Essential Tips for Beginners,Use as visual concept/demo; Teaching Book + current docs cover the exact Airflow version,https://www.youtube.com/watch?v=5SFVDr6F4vg,"Watch the assigned visual first, then use the Teaching Book for the course-specific build. Close the visual before the independent task.",For backfills/reprocessing use current Astronomer docs; for DAG testing use current testing docs.
154,DE10-14,10,Docker + Airflow,Parameters and task communication,VIDEO_SUPPORT,VERIFIED SUPPORT,Astronomer — Airflow 101: Essential Tips for Beginners,Use as visual concept/demo; Teaching Book + current docs cover the exact Airflow version,https://www.youtube.com/watch?v=5SFVDr6F4vg,"Watch the assigned visual first, then use the Teaching Book for the course-specific build. Close the visual before the independent task.",For backfills/reprocessing use current Astronomer docs; for DAG testing use current testing docs.
155,DE10-15,10,Docker + Airflow,"Connections, variables and secrets",VIDEO_SUPPORT,VERIFIED SUPPORT,Astronomer — Airflow 101: Essential Tips for Beginners,Use as visual concept/demo; Teaching Book + current docs cover the exact Airflow version,https://www.youtube.com/watch?v=5SFVDr6F4vg,"Watch the assigned visual first, then use the Teaching Book for the course-specific build. Close the visual before the independent task.",For backfills/reprocessing use current Astronomer docs; for DAG testing use current testing docs.
156,DE10-16,10,Docker + Airflow,Sensors and waiting,VIDEO_SUPPORT,VERIFIED SUPPORT,Astronomer — Airflow 101: Essential Tips for Beginners,Use as visual concept/demo; Teaching Book + current docs cover the exact Airflow version,https://www.youtube.com/watch?v=5SFVDr6F4vg,"Watch the assigned visual first, then use the Teaching Book for the course-specific build. Close the visual before the independent task.",For backfills/reprocessing use current Astronomer docs; for DAG testing use current testing docs.
157,DE10-17,10,Docker + Airflow,Logs and debugging,VIDEO_SUPPORT,VERIFIED SUPPORT,Astronomer — Airflow 101: Essential Tips for Beginners,Use as visual concept/demo; Teaching Book + current docs cover the exact Airflow version,https://www.youtube.com/watch?v=5SFVDr6F4vg,"Watch the assigned visual first, then use the Teaching Book for the course-specific build. Close the visual before the independent task.",For backfills/reprocessing use current Astronomer docs; for DAG testing use current testing docs.
158,DE10-18,10,Docker + Airflow,"Catchup, backfills and reprocessing",VIDEO_SUPPORT,VERIFIED SUPPORT,Astronomer — Airflow 101: Essential Tips for Beginners,Use as visual concept/demo; Teaching Book + current docs cover the exact Airflow version,https://www.youtube.com/watch?v=5SFVDr6F4vg,"Watch the assigned visual first, then use the Teaching Book for the course-specific build. Close the visual before the independent task.",For backfills/reprocessing use current Astronomer docs; for DAG testing use current testing docs.
159,DE10-19,10,Docker + Airflow,Integration and production-style orchestration,VIDEO_SUPPORT,VERIFIED SUPPORT,Astronomer — Airflow 101: Essential Tips for Beginners,Use as visual concept/demo; Teaching Book + current docs cover the exact Airflow version,https://www.youtube.com/watch?v=5SFVDr6F4vg,"Watch the assigned visual first, then use the Teaching Book for the course-specific build. Close the visual before the independent task.",For backfills/reprocessing use current Astronomer docs; for DAG testing use current testing docs.
160,DE11-01,11,Storage & File Formats Foundations,Row vs columnar storage; where Parquet fits,OFFICIAL_VIDEO_COURSE,VERIFIED OFFICIAL,Databricks Academy — free data/lakehouse training,Choose the matching storage / Parquet / Delta module assigned by Mentor,https://docs.databricks.com/aws/en/getting-started/free-training,"Use the matching free training unit for the visual explanation, then return to the Teaching Book and execute the local course lab.",
161,DE11-02,11,Storage & File Formats Foundations,"Parquet schema, row groups and metadata",OFFICIAL_VIDEO_COURSE,VERIFIED OFFICIAL,Databricks Academy — free data/lakehouse training,Choose the matching storage / Parquet / Delta module assigned by Mentor,https://docs.databricks.com/aws/en/getting-started/free-training,"Use the matching free training unit for the visual explanation, then return to the Teaching Book and execute the local course lab.",
162,DE11-03,11,Storage & File Formats Foundations,"Projection, predicates and analytical reads",OFFICIAL_VIDEO_COURSE,VERIFIED OFFICIAL,Databricks Academy — free data/lakehouse training,Choose the matching storage / Parquet / Delta module assigned by Mentor,https://docs.databricks.com/aws/en/getting-started/free-training,"Use the matching free training unit for the visual explanation, then return to the Teaching Book and execute the local course lab.",
163,DE11-04,11,Storage & File Formats Foundations,"Compression, small files and compaction",OFFICIAL_VIDEO_COURSE,VERIFIED OFFICIAL,Databricks Academy — free data/lakehouse training,Choose the matching storage / Parquet / Delta module assigned by Mentor,https://docs.databricks.com/aws/en/getting-started/free-training,"Use the matching free training unit for the visual explanation, then return to the Teaching Book and execute the local course lab.",
164,DE11-05,11,Storage & File Formats Foundations,Partitioning strategy and over-partitioning,OFFICIAL_VIDEO_COURSE,VERIFIED OFFICIAL,Databricks Academy — free data/lakehouse training,Choose the matching storage / Parquet / Delta module assigned by Mentor,https://docs.databricks.com/aws/en/getting-started/free-training,"Use the matching free training unit for the visual explanation, then return to the Teaching Book and execute the local course lab.",
165,DE11-06,11,Storage & File Formats Foundations,Lake vs warehouse vs lakehouse,OFFICIAL_VIDEO_COURSE,VERIFIED OFFICIAL,Databricks Academy — free data/lakehouse training,Choose the matching storage / Parquet / Delta module assigned by Mentor,https://docs.databricks.com/aws/en/getting-started/free-training,"Use the matching free training unit for the visual explanation, then return to the Teaching Book and execute the local course lab.",
166,DE11-07,11,Storage & File Formats Foundations,"Delta tables, transaction log and ACID concepts",OFFICIAL_VIDEO_COURSE,VERIFIED OFFICIAL,Databricks Academy — free data/lakehouse training,Choose the matching storage / Parquet / Delta module assigned by Mentor,https://docs.databricks.com/aws/en/getting-started/free-training,"Use the matching free training unit for the visual explanation, then return to the Teaching Book and execute the local course lab.",
167,DE11-08,11,Storage & File Formats Foundations,MERGE/upsert and current-state records,OFFICIAL_VIDEO_COURSE,VERIFIED OFFICIAL,Databricks Academy — free data/lakehouse training,Choose the matching storage / Parquet / Delta module assigned by Mentor,https://docs.databricks.com/aws/en/getting-started/free-training,"Use the matching free training unit for the visual explanation, then return to the Teaching Book and execute the local course lab.",
168,DE11-09,11,Storage & File Formats Foundations,"Schema enforcement, controlled evolution and compatibility",OFFICIAL_VIDEO_COURSE,VERIFIED OFFICIAL,Databricks Academy — free data/lakehouse training,Choose the matching storage / Parquet / Delta module assigned by Mentor,https://docs.databricks.com/aws/en/getting-started/free-training,"Use the matching free training unit for the visual explanation, then return to the Teaching Book and execute the local course lab.",
169,DE11-10,11,Storage & File Formats Foundations,"Time travel, retention, VACUUM safety and medallion checkpoint",OFFICIAL_VIDEO_COURSE,VERIFIED OFFICIAL,Databricks Academy — free data/lakehouse training,Choose the matching storage / Parquet / Delta module assigned by Mentor,https://docs.databricks.com/aws/en/getting-started/free-training,"Use the matching free training unit for the visual explanation, then return to the Teaching Book and execute the local course lab.",
170,DE12-01,12,Distributed Processing with Spark / PySpark,"Why Spark exists: driver, executors, partitions and tasks",VIDEO_PRIMARY,VERIFIED ZOOMCAMP,DataTalksClub Zoomcamp — Apache Spark / PySpark,Whole lesson,https://www.youtube.com/watch?v=FhaqbEOuQ8U,"Watch the assigned visual first, then use the Teaching Book for the course-specific build. Close the visual before the independent task.",
171,DE12-02,12,Distributed Processing with Spark / PySpark,"PySpark setup, SparkSession and laptop-safe local mode",VIDEO_SUPPORT,VERIFIED ZOOMCAMP,DataTalksClub Zoomcamp — Apache Spark / PySpark,Setup/orientation; use Teaching Book for laptop-safe setup,https://www.youtube.com/watch?v=r_Sf6fCB40c,"Watch the assigned visual first, then use the Teaching Book for the course-specific build. Close the visual before the independent task.",
172,DE12-03,12,Distributed Processing with Spark / PySpark,DataFrames and explicit schemas,VIDEO_PRIMARY,VERIFIED ZOOMCAMP,DataTalksClub Zoomcamp — Apache Spark / PySpark,Whole lesson,https://www.youtube.com/watch?v=ti3aC1m3rE8,"Watch the assigned visual first, then use the Teaching Book for the course-specific build. Close the visual before the independent task.",
173,DE12-04,12,Distributed Processing with Spark / PySpark,Spark SQL and expression equivalence,VIDEO_PRIMARY,VERIFIED ZOOMCAMP,DataTalksClub Zoomcamp — Apache Spark / PySpark,Whole lesson,https://www.youtube.com/watch?v=uAlp2VuZZPY,"Watch the assigned visual first, then use the Teaching Book for the course-specific build. Close the visual before the independent task.",
174,DE12-05,12,Distributed Processing with Spark / PySpark,Lazy transformations and actions,VIDEO_SUPPORT,VERIFIED ZOOMCAMP,DataTalksClub Zoomcamp — Apache Spark / PySpark,Transformations/actions sections + Teaching Book,https://www.youtube.com/watch?v=r_Sf6fCB40c,"Watch the assigned visual first, then use the Teaching Book for the course-specific build. Close the visual before the independent task.",
175,DE12-06,12,Distributed Processing with Spark / PySpark,"Jobs, stages, tasks and physical plans",VIDEO_PRIMARY,VERIFIED ZOOMCAMP,DataTalksClub Zoomcamp — Apache Spark / PySpark,Whole lesson,https://www.youtube.com/watch?v=68CipcZt7ZA,"Watch the assigned visual first, then use the Teaching Book for the course-specific build. Close the visual before the independent task.",
176,DE12-07,12,Distributed Processing with Spark / PySpark,repartition vs coalesce,VIDEO_SUPPORT,VERIFIED ZOOMCAMP,DataTalksClub Zoomcamp — Apache Spark / PySpark,Partitions/shuffles context + Teaching Book,https://www.youtube.com/watch?v=68CipcZt7ZA,"Watch the assigned visual first, then use the Teaching Book for the course-specific build. Close the visual before the independent task.",
177,DE12-08,12,Distributed Processing with Spark / PySpark,Aggregations and shuffle cost,VIDEO_PRIMARY,VERIFIED ZOOMCAMP,DataTalksClub Zoomcamp — Apache Spark / PySpark,Whole lesson,https://www.youtube.com/watch?v=9qrDsY_2COo,"Watch the assigned visual first, then use the Teaching Book for the course-specific build. Close the visual before the independent task.",
178,DE12-09,12,Distributed Processing with Spark / PySpark,Joins and broadcast strategy,VIDEO_PRIMARY,VERIFIED ZOOMCAMP,DataTalksClub Zoomcamp — Apache Spark / PySpark,Whole lesson,https://www.youtube.com/watch?v=lu7TrqAWuH4,"Watch the assigned visual first, then use the Teaching Book for the course-specific build. Close the visual before the independent task.",
179,DE12-10,12,Distributed Processing with Spark / PySpark,"Join correctness, fan-out and reconciliation",VIDEO_SUPPORT,VERIFIED ZOOMCAMP,DataTalksClub Zoomcamp — Apache Spark / PySpark,Whole lesson + course reconciliation task,https://www.youtube.com/watch?v=lu7TrqAWuH4,"Watch the assigned visual first, then use the Teaching Book for the course-specific build. Close the visual before the independent task.",
180,DE12-11,12,Distributed Processing with Spark / PySpark,Data skew,VIDEO_SUPPORT,VERIFIED ZOOMCAMP,DataTalksClub Zoomcamp — Apache Spark / PySpark,Shuffle/skew context + Teaching Book,https://www.youtube.com/watch?v=lu7TrqAWuH4,"Watch the assigned visual first, then use the Teaching Book for the course-specific build. Close the visual before the independent task.",
181,DE12-12,12,Distributed Processing with Spark / PySpark,Adaptive Query Execution (AQE),VIDEO_SUPPORT,VERIFIED ZOOMCAMP,DataTalksClub Zoomcamp — Apache Spark / PySpark,Execution-plan context + Teaching Book AQE lab,https://www.youtube.com/watch?v=68CipcZt7ZA,"Watch the assigned visual first, then use the Teaching Book for the course-specific build. Close the visual before the independent task.",
182,DE12-13,12,Distributed Processing with Spark / PySpark,Caching and persistence,VIDEO_SUPPORT,VERIFIED ZOOMCAMP,DataTalksClub Zoomcamp — Apache Spark / PySpark,Execution/storage context + Teaching Book caching lab,https://www.youtube.com/watch?v=68CipcZt7ZA,"Watch the assigned visual first, then use the Teaching Book for the course-specific build. Close the visual before the independent task.",
183,DE12-14,12,Distributed Processing with Spark / PySpark,Parquet I/O and partition pruning,VIDEO_SUPPORT,VERIFIED ZOOMCAMP,DataTalksClub Zoomcamp — Apache Spark / PySpark,DataFrame I/O + Teaching Book Parquet/pruning lab,https://www.youtube.com/watch?v=ti3aC1m3rE8,"Watch the assigned visual first, then use the Teaching Book for the course-specific build. Close the visual before the independent task.",
184,DE12-15,12,Distributed Processing with Spark / PySpark,Built-in functions vs Python UDFs,VIDEO_SUPPORT,VERIFIED ZOOMCAMP,DataTalksClub Zoomcamp — Apache Spark / PySpark,Built-in expression style + Teaching Book UDF comparison,https://www.youtube.com/watch?v=ti3aC1m3rE8,"Watch the assigned visual first, then use the Teaching Book for the course-specific build. Close the visual before the independent task.",
185,DE12-16,12,Distributed Processing with Spark / PySpark,"Driver safety: collect, toPandas and bounded inspection",VIDEO_SUPPORT,VERIFIED ZOOMCAMP,DataTalksClub Zoomcamp — Apache Spark / PySpark,Driver vs distributed work context + Teaching Book safety lab,https://www.youtube.com/watch?v=r_Sf6fCB40c,"Watch the assigned visual first, then use the Teaching Book for the course-specific build. Close the visual before the independent task.",
186,DE12-17,12,Distributed Processing with Spark / PySpark,Testing and debugging Spark transformations,VIDEO_SUPPORT,VERIFIED ZOOMCAMP,DataTalksClub Zoomcamp — Apache Spark / PySpark,Use as visual refresher; testing task remains independent,https://www.youtube.com/watch?v=ti3aC1m3rE8,"Watch the assigned visual first, then use the Teaching Book for the course-specific build. Close the visual before the independent task.",
187,DE12-18,12,Distributed Processing with Spark / PySpark,Integrated PySpark pipeline and distributed-processing checkpoint,VIDEO_SUPPORT,VERIFIED ZOOMCAMP,DataTalksClub Zoomcamp — Apache Spark / PySpark,Review first-look + then build integrated pipeline independently,https://www.youtube.com/watch?v=r_Sf6fCB40c,"Watch the assigned visual first, then use the Teaching Book for the course-specific build. Close the visual before the independent task.",
188,DE13-01,13,Delta Lake + Lakehouse,Data Lake vs Warehouse vs Lakehouse,VIDEO_PRIMARY,VERIFIED OFFICIAL,Databricks — Diving into Delta Lake: Transaction Log,Use matching transaction-log / ACID / time-travel section,https://www.youtube.com/watch?v=lXlBJdehsdw,"Watch the assigned visual first, then use the Teaching Book for the course-specific build. Close the visual before the independent task.",
189,DE13-02,13,Delta Lake + Lakehouse,Why plain files are not tables,VIDEO_PRIMARY,VERIFIED OFFICIAL,Databricks — Diving into Delta Lake: Transaction Log,Use matching transaction-log / ACID / time-travel section,https://www.youtube.com/watch?v=lXlBJdehsdw,"Watch the assigned visual first, then use the Teaching Book for the course-specific build. Close the visual before the independent task.",
190,DE13-03,13,Delta Lake + Lakehouse,"Transaction log, ACID and table versions",VIDEO_PRIMARY,VERIFIED OFFICIAL,Databricks — Diving into Delta Lake: Transaction Log,Use matching transaction-log / ACID / time-travel section,https://www.youtube.com/watch?v=lXlBJdehsdw,"Watch the assigned visual first, then use the Teaching Book for the course-specific build. Close the visual before the independent task.",
191,DE13-04,13,Delta Lake + Lakehouse,"Create, read, update and delete",OFFICIAL_VIDEO_COURSE,VERIFIED OFFICIAL,Databricks Academy — free Delta / Lakehouse training,Choose the matching Delta/Lakehouse unit,https://docs.databricks.com/aws/en/getting-started/free-training,"Watch the assigned visual first, then use the Teaching Book for the course-specific build. Close the visual before the independent task.",
192,DE13-05,13,Delta Lake + Lakehouse,Schema enforcement and schema evolution,VIDEO_PRIMARY,VERIFIED OFFICIAL,Databricks — Diving into Delta Lake: Transaction Log,Use matching transaction-log / ACID / time-travel section,https://www.youtube.com/watch?v=lXlBJdehsdw,"Watch the assigned visual first, then use the Teaching Book for the course-specific build. Close the visual before the independent task.",
193,DE13-06,13,Delta Lake + Lakehouse,Time travel and version history,VIDEO_PRIMARY,VERIFIED OFFICIAL,Databricks — Diving into Delta Lake: Transaction Log,Use matching transaction-log / ACID / time-travel section,https://www.youtube.com/watch?v=lXlBJdehsdw,"Watch the assigned visual first, then use the Teaching Book for the course-specific build. Close the visual before the independent task.",
194,DE13-07,13,Delta Lake + Lakehouse,"MERGE, upserts and idempotent incremental loads",OFFICIAL_VIDEO_COURSE,VERIFIED OFFICIAL,Databricks Academy — free Delta / Lakehouse training,Choose the matching Delta/Lakehouse unit,https://docs.databricks.com/aws/en/getting-started/free-training,"Watch the assigned visual first, then use the Teaching Book for the course-specific build. Close the visual before the independent task.",
195,DE13-08,13,Delta Lake + Lakehouse,Slowly Changing Dimension Type 2 with Delta,OFFICIAL_VIDEO_COURSE,VERIFIED OFFICIAL,Databricks Academy — free Delta / Lakehouse training,Choose the matching Delta/Lakehouse unit,https://docs.databricks.com/aws/en/getting-started/free-training,"Watch the assigned visual first, then use the Teaching Book for the course-specific build. Close the visual before the independent task.",
196,DE13-09,13,Delta Lake + Lakehouse,"Bronze, Silver and Gold layer contracts",OFFICIAL_VIDEO_COURSE,VERIFIED OFFICIAL,Databricks Academy — free Delta / Lakehouse training,Choose the matching Delta/Lakehouse unit,https://docs.databricks.com/aws/en/getting-started/free-training,"Watch the assigned visual first, then use the Teaching Book for the course-specific build. Close the visual before the independent task.",
197,DE13-10,13,Delta Lake + Lakehouse,"File layout, compaction and table maintenance",OFFICIAL_VIDEO_COURSE,VERIFIED OFFICIAL,Databricks Academy — free Delta / Lakehouse training,Choose the matching Delta/Lakehouse unit,https://docs.databricks.com/aws/en/getting-started/free-training,"Watch the assigned visual first, then use the Teaching Book for the course-specific build. Close the visual before the independent task.",
198,DE13-11,13,Delta Lake + Lakehouse,Lakehouse integration and debugging,OFFICIAL_VIDEO_COURSE,VERIFIED OFFICIAL,Databricks Academy — free Delta / Lakehouse training,Choose the matching Delta/Lakehouse unit,https://docs.databricks.com/aws/en/getting-started/free-training,"Watch the assigned visual first, then use the Teaching Book for the course-specific build. Close the visual before the independent task.",
199,DE14-01,14,Kafka + Streaming Foundations,Batch vs streaming,OFFICIAL_VIDEO_COURSE,VERIFIED OFFICIAL,Confluent Developer — free Apache Kafka courses,Open the matching Kafka 101 lesson for this concept,https://developer.confluent.io/courses/,"Watch the assigned visual first, then use the Teaching Book for the course-specific build. Close the visual before the independent task.",
200,DE14-02,14,Kafka + Streaming Foundations,"Events, brokers and topics",OFFICIAL_VIDEO_COURSE,VERIFIED OFFICIAL,Confluent Developer — free Apache Kafka courses,Open the matching Kafka 101 lesson for this concept,https://developer.confluent.io/courses/,"Watch the assigned visual first, then use the Teaching Book for the course-specific build. Close the visual before the independent task.",
201,DE14-03,14,Kafka + Streaming Foundations,Producers and message keys,OFFICIAL_VIDEO_COURSE,VERIFIED OFFICIAL,Confluent Developer — free Apache Kafka courses,Open the matching Kafka 101 lesson for this concept,https://developer.confluent.io/courses/,"Watch the assigned visual first, then use the Teaching Book for the course-specific build. Close the visual before the independent task.",
202,DE14-04,14,Kafka + Streaming Foundations,Consumers and safe processing,OFFICIAL_VIDEO_COURSE,VERIFIED OFFICIAL,Confluent Developer — free Apache Kafka courses,Open the matching Kafka 101 lesson for this concept,https://developer.confluent.io/courses/,"Watch the assigned visual first, then use the Teaching Book for the course-specific build. Close the visual before the independent task.",
203,DE14-05,14,Kafka + Streaming Foundations,Partitions and ordering,OFFICIAL_VIDEO_COURSE,VERIFIED OFFICIAL,Confluent Developer — free Apache Kafka courses,Open the matching Kafka 101 lesson for this concept,https://developer.confluent.io/courses/,"Watch the assigned visual first, then use the Teaching Book for the course-specific build. Close the visual before the independent task.",
204,DE14-06,14,Kafka + Streaming Foundations,"Offsets, group position and replay",OFFICIAL_VIDEO_COURSE,VERIFIED OFFICIAL,Confluent Developer — free Apache Kafka courses,Open the matching Kafka 101 lesson for this concept,https://developer.confluent.io/courses/,"Watch the assigned visual first, then use the Teaching Book for the course-specific build. Close the visual before the independent task.",
205,DE14-07,14,Kafka + Streaming Foundations,Consumer groups and scaling,OFFICIAL_VIDEO_COURSE,VERIFIED OFFICIAL,Confluent Developer — free Apache Kafka courses,Open the matching Kafka 101 lesson for this concept,https://developer.confluent.io/courses/,"Watch the assigned visual first, then use the Teaching Book for the course-specific build. Close the visual before the independent task.",
206,DE14-08,14,Kafka + Streaming Foundations,Delivery semantics and idempotency,OFFICIAL_VIDEO_COURSE,VERIFIED OFFICIAL,Confluent Developer — free Apache Kafka courses,Open the matching Kafka 101 lesson for this concept,https://developer.confluent.io/courses/,"Watch the assigned visual first, then use the Teaching Book for the course-specific build. Close the visual before the independent task.",
207,DE14-09,14,Kafka + Streaming Foundations,"Serialization, schemas and evolution",LONG_CLASS,VERIFIED OFFICIAL CONFLUENT,Confluent — How to use Data Contracts for Long-Term Schema Management,"8:38–31:17: Avro/Protobuf, schema references, format changes, forward/backward/full compatibility",https://www.youtube.com/watch?v=ZIJB8cs-cJU,Use this longer official class for serialization and compatibility thinking. Then complete the Teaching Book schema-evolution task with the video closed.,This replaces the shorter registry-only visual because it directly covers the formats and evolution decisions the lesson needs.
208,DE14-10,14,Kafka + Streaming Foundations,Python producer and consumer workflow,VIDEO_PRIMARY,VERIFIED 2026 WORKSHOP,DataTalksClub — real-time streaming workshop,Producer + consumer sections,https://www.youtube.com/watch?v=YDUgFeHQzJU,"Watch the assigned visual first, then use the Teaching Book for the course-specific build. Close the visual before the independent task.",
209,DE14-11,14,Kafka + Streaming Foundations,Spark Structured Streaming + Kafka,VIDEO_SUPPORT,VERIFIED 2026 WORKSHOP,DataTalksClub — real-time streaming workshop,Stream-processing integration section; Teaching Book maps concept to Spark Structured Streaming,https://www.youtube.com/watch?v=YDUgFeHQzJU,"Watch the assigned visual first, then use the Teaching Book for the course-specific build. Close the visual before the independent task.",
210,DE14-12,14,Kafka + Streaming Foundations,"Lag, failures and streaming operations",VIDEO_SUPPORT,VERIFIED 2026 WORKSHOP,DataTalksClub — real-time streaming workshop,Failure/restart/operational portions + course incident task,https://www.youtube.com/watch?v=YDUgFeHQzJU,"Watch the assigned visual first, then use the Teaching Book for the course-specific build. Close the visual before the independent task.",
211,DE15-01,15,Azure + Microsoft Fabric Data Engineering,Cloud fundamentals for data engineers,VIDEO_SUPPORT,VERIFIED CURRENT SUPPORT,DP-700 Full Course — Microsoft Fabric Data Engineer,2:19:27 — architectural decision-making,https://www.youtube.com/watch?v=KiB4eAeFRsw,"Watch the assigned visual first, then use the Teaching Book for the course-specific build. Close the visual before the independent task.",Microsoft Learn remains the version-authoritative companion: https://learn.microsoft.com/en-us/training/courses/dp-700t00
212,DE15-02,15,Azure + Microsoft Fabric Data Engineering,"Identity, IAM and least privilege",VIDEO_PRIMARY,VERIFIED CURRENT SUPPORT,DP-700 Full Course — Microsoft Fabric Data Engineer,1:22:30 — security & governance,https://www.youtube.com/watch?v=KiB4eAeFRsw,"Watch the assigned visual first, then use the Teaching Book for the course-specific build. Close the visual before the independent task.",Microsoft Learn remains the version-authoritative companion: https://learn.microsoft.com/en-us/training/courses/dp-700t00
213,DE15-03,15,Azure + Microsoft Fabric Data Engineering,Azure Storage concepts and OneLake,VIDEO_SUPPORT,VERIFIED CURRENT SUPPORT,DP-700 Full Course — Microsoft Fabric Data Engineer,2:19:27 — architecture; then Microsoft Learn OneLake unit,https://www.youtube.com/watch?v=KiB4eAeFRsw,"Watch the assigned visual first, then use the Teaching Book for the course-specific build. Close the visual before the independent task.",Microsoft Learn remains the version-authoritative companion: https://learn.microsoft.com/en-us/training/courses/dp-700t00
214,DE15-04,15,Azure + Microsoft Fabric Data Engineering,Fabric workspace and item model,VIDEO_SUPPORT,VERIFIED CURRENT SUPPORT,DP-700 Full Course — Microsoft Fabric Data Engineer,2:19:27 — Fabric architecture orientation,https://www.youtube.com/watch?v=KiB4eAeFRsw,"Watch the assigned visual first, then use the Teaching Book for the course-specific build. Close the visual before the independent task.",Microsoft Learn remains the version-authoritative companion: https://learn.microsoft.com/en-us/training/courses/dp-700t00
215,DE15-05,15,Azure + Microsoft Fabric Data Engineering,"OneLake paths, files, tables and shortcuts",VIDEO_SUPPORT,VERIFIED CURRENT SUPPORT,DP-700 Full Course — Microsoft Fabric Data Engineer,2:19:27 — architecture; then Microsoft Learn shortcuts/OneLake unit,https://www.youtube.com/watch?v=KiB4eAeFRsw,"Watch the assigned visual first, then use the Teaching Book for the course-specific build. Close the visual before the independent task.",Microsoft Learn remains the version-authoritative companion: https://learn.microsoft.com/en-us/training/courses/dp-700t00
216,DE15-06,15,Azure + Microsoft Fabric Data Engineering,Fabric Lakehouse and Delta tables,VIDEO_SUPPORT,VERIFIED CURRENT SUPPORT,DP-700 Full Course — Microsoft Fabric Data Engineer,3:12:43 — PySpark/Fabric hands-on context,https://www.youtube.com/watch?v=KiB4eAeFRsw,"Watch the assigned visual first, then use the Teaching Book for the course-specific build. Close the visual before the independent task.",Microsoft Learn remains the version-authoritative companion: https://learn.microsoft.com/en-us/training/courses/dp-700t00
217,DE15-07,15,Azure + Microsoft Fabric Data Engineering,Fabric notebooks,VIDEO_SUPPORT,VERIFIED CURRENT SUPPORT,DP-700 Full Course — Microsoft Fabric Data Engineer,3:12:43 — PySpark/notebook context,https://www.youtube.com/watch?v=KiB4eAeFRsw,"Watch the assigned visual first, then use the Teaching Book for the course-specific build. Close the visual before the independent task.",Microsoft Learn remains the version-authoritative companion: https://learn.microsoft.com/en-us/training/courses/dp-700t00
218,DE15-08,15,Azure + Microsoft Fabric Data Engineering,Spark in Fabric,VIDEO_SUPPORT,VERIFIED CURRENT SUPPORT,DP-700 Full Course — Microsoft Fabric Data Engineer,3:12:43 — hands-on PySpark,https://www.youtube.com/watch?v=KiB4eAeFRsw,"Watch the assigned visual first, then use the Teaching Book for the course-specific build. Close the visual before the independent task.",Microsoft Learn remains the version-authoritative companion: https://learn.microsoft.com/en-us/training/courses/dp-700t00
219,DE15-09,15,Azure + Microsoft Fabric Data Engineering,Fabric Data Pipelines,VIDEO_PRIMARY,VERIFIED CURRENT SUPPORT,DP-700 Full Course — Microsoft Fabric Data Engineer,1:50:53 — orchestration,https://www.youtube.com/watch?v=KiB4eAeFRsw,"Watch the assigned visual first, then use the Teaching Book for the course-specific build. Close the visual before the independent task.",Microsoft Learn remains the version-authoritative companion: https://learn.microsoft.com/en-us/training/courses/dp-700t00
220,DE15-10,15,Azure + Microsoft Fabric Data Engineering,SQL analytics endpoint and warehouse choice,VIDEO_PRIMARY,VERIFIED CURRENT SUPPORT,DP-700 Full Course — Microsoft Fabric Data Engineer,2:39:20 — hands-on T-SQL,https://www.youtube.com/watch?v=KiB4eAeFRsw,"Watch the assigned visual first, then use the Teaching Book for the course-specific build. Close the visual before the independent task.",Microsoft Learn remains the version-authoritative companion: https://learn.microsoft.com/en-us/training/courses/dp-700t00
221,DE15-11,15,Azure + Microsoft Fabric Data Engineering,Medallion architecture in Fabric,VIDEO_SUPPORT,VERIFIED CURRENT SUPPORT,DP-700 Full Course — Microsoft Fabric Data Engineer,2:19:27 — architecture decisions,https://www.youtube.com/watch?v=KiB4eAeFRsw,"Watch the assigned visual first, then use the Teaching Book for the course-specific build. Close the visual before the independent task.",Microsoft Learn remains the version-authoritative companion: https://learn.microsoft.com/en-us/training/courses/dp-700t00
222,DE15-12,15,Azure + Microsoft Fabric Data Engineering,Incremental loads and MERGE in cloud,VIDEO_SUPPORT,VERIFIED CURRENT SUPPORT,DP-700 Full Course — Microsoft Fabric Data Engineer,3:12:43 — PySpark + Teaching Book MERGE lab,https://www.youtube.com/watch?v=KiB4eAeFRsw,"Watch the assigned visual first, then use the Teaching Book for the course-specific build. Close the visual before the independent task.",Microsoft Learn remains the version-authoritative companion: https://learn.microsoft.com/en-us/training/courses/dp-700t00
223,DE15-13,15,Azure + Microsoft Fabric Data Engineering,"Permissions, connections and secrets",VIDEO_SUPPORT,VERIFIED CURRENT SUPPORT,DP-700 Full Course — Microsoft Fabric Data Engineer,1:22:30 — security & governance,https://www.youtube.com/watch?v=KiB4eAeFRsw,"Watch the assigned visual first, then use the Teaching Book for the course-specific build. Close the visual before the independent task.",Microsoft Learn remains the version-authoritative companion: https://learn.microsoft.com/en-us/training/courses/dp-700t00
224,DE15-14,15,Azure + Microsoft Fabric Data Engineering,"Monitoring, reliability and cost awareness",VIDEO_PRIMARY,VERIFIED CURRENT SUPPORT,DP-700 Full Course — Microsoft Fabric Data Engineer,4:46:53–5:43:50 — monitoring & optimization,https://www.youtube.com/watch?v=KiB4eAeFRsw,"Watch the assigned visual first, then use the Teaching Book for the course-specific build. Close the visual before the independent task.",Microsoft Learn remains the version-authoritative companion: https://learn.microsoft.com/en-us/training/courses/dp-700t00
225,DE15-15,15,Azure + Microsoft Fabric Data Engineering,"Git, deployment and environment separation",VIDEO_PRIMARY,VERIFIED CURRENT SUPPORT,DP-700 Full Course — Microsoft Fabric Data Engineer,0:48:26 — CI/CD & lifecycle management,https://www.youtube.com/watch?v=KiB4eAeFRsw,"Watch the assigned visual first, then use the Teaching Book for the course-specific build. Close the visual before the independent task.",Microsoft Learn remains the version-authoritative companion: https://learn.microsoft.com/en-us/training/courses/dp-700t00
226,DE15-16,15,Azure + Microsoft Fabric Data Engineering,End-to-end Fabric data engineering case,VIDEO_SUPPORT,VERIFIED CURRENT SUPPORT,DP-700 Full Course — Microsoft Fabric Data Engineer,"1:50:53 + 2:19:27 + 4:46:53 — orchestration, architecture, monitoring",https://www.youtube.com/watch?v=KiB4eAeFRsw,"Watch the assigned visual first, then use the Teaching Book for the course-specific build. Close the visual before the independent task.",Microsoft Learn remains the version-authoritative companion: https://learn.microsoft.com/en-us/training/courses/dp-700t00
227,DE16-01,16,"DataOps, CI/CD, Security & Observability",Production mindset,VIDEO_SUPPORT,VERIFIED CURRENT VIDEO,Luke Barousse — How I Would Learn to Be a Data Engineer (2026),27:38 orchestration + 30:01 terminal/bash/git + 32:36 DataOps/CI-CD + 34:10 architecture,https://www.youtube.com/watch?v=_-DzZeixu0w,Use this short current overview to connect tools to production engineering. Teaching Book and incident labs provide the actual production standard.,Current 2026 DE overview; not used as a substitute for production evidence.
228,DE16-02,16,"DataOps, CI/CD, Security & Observability",Testing strategy for data engineering,VIDEO_SUPPORT,VERIFIED SUPPORT,Anuj Syal — Data Quality with Great Expectations,Data-quality/testing workflow demonstration; map concepts to our test strategy,https://www.youtube.com/watch?v=oxOj30rl_xs,Long or short video is allowed when it teaches the competency well. Watch actively without handwritten notes; type/run/follow when relevant. Use the Teaching Book as ready-made notes. Close video/review/AI solving before the independent task.,"Tool is illustrative; mastery is the testing strategy, not Great Expectations syntax."
229,DE16-03,16,"DataOps, CI/CD, Security & Observability",Automated quality gates,VIDEO_SUPPORT,VERIFIED SUPPORT,Anuj Syal — Data Quality with Great Expectations,Hands-on expectation/validation section; pair with our blocking-vs-warning quality gates,https://www.youtube.com/watch?v=oxOj30rl_xs,Long or short video is allowed when it teaches the competency well. Watch actively without handwritten notes; type/run/follow when relevant. Use the Teaching Book as ready-made notes. Close video/review/AI solving before the independent task.,Use visual demo to understand automated gates; course incident lab remains authoritative.
230,DE16-04,16,"DataOps, CI/CD, Security & Observability",Continuous Integration fundamentals,VIDEO_SUPPORT,VERIFIED CURRENT SUPPORT,DP-700 Full Course — CI/CD & Lifecycle Management,0:48:26 onward,https://www.youtube.com/watch?v=KiB4eAeFRsw,"Watch the assigned visual first, then use the Teaching Book for the course-specific build. Close the visual before the independent task.",
231,DE16-05,16,"DataOps, CI/CD, Security & Observability",GitHub Actions for data projects,OFFICIAL_GUIDED,VERIFIED OFFICIAL,GitHub Actions — official documentation + course workflow demo,Follow the current GitHub Actions quickstart selected in the Teaching Book,https://docs.github.com/en/actions,"Watch the assigned visual first, then use the Teaching Book for the course-specific build. Close the visual before the independent task.",
232,DE16-06,16,"DataOps, CI/CD, Security & Observability","Dev, test and prod environments",VIDEO_PRIMARY,VERIFIED MICROSOFT VIDEO 2026 + CURRENT DOC OVERLAY,Microsoft Reactor — CI/CD in Microsoft Fabric: From Development to Frictionless Production - Phase 2,"3:26–11:35 — Git/Azure DevOps integration, deployment pipelines, Dev/Test/Prod workspace architecture",https://www.youtube.com/watch?v=cL4hwz7c2Tw,"Watch the mapped 2026 Microsoft segment, then build the course Dev/Test/Prod environment map yourself. Use current Microsoft Learn CI/CD docs if the Fabric UI has changed.",Current Microsoft Reactor video (2026) directly demonstrates Fabric CI/CD and Dev/Test/Prod workspace architecture.
233,DE16-07,16,"DataOps, CI/CD, Security & Observability",Deployment and rollback,VIDEO_SUPPORT,VERIFIED MICROSOFT VIDEO 2026 + COURSE ROLLBACK LAB,Microsoft Reactor — CI/CD in Microsoft Fabric: From Development to Frictionless Production - Phase 2,4:16–11:35 + 52:35–57:48 — deployment pipeline flow + automated deployment setup,https://www.youtube.com/watch?v=cL4hwz7c2Tw,"Use the video to see the deployment/promotion path. Rollback/recovery is proved in the course lab using version history, redeploy/recovery evidence and validation; do not assume the video itself proves rollback.",Video covers deployment lifecycle and automation. Course-owned incident/recovery work remains authoritative for rollback because rollback behavior is environment/tool specific.
234,DE16-08,16,"DataOps, CI/CD, Security & Observability",Secrets and credential safety,VIDEO_PRIMARY,VERIFIED OFFICIAL GITHUB VIDEO 2025 + DOC OVERLAY,GitHub — What is GitHub Secret Protection? | GitHub Explained,"Full official explainer — secrets, push protection and secret scanning",https://www.youtube.com/watch?v=UfOY9RXHFiw,"Watch the official GitHub explainer, then complete the course secret-handling exercise. Use current GitHub Actions Secrets docs for exact scopes/permissions and never put a real credential in course evidence.",Official GitHub video gives the visual mental model; current GitHub docs remain authoritative for secret scope and workflow behavior.
235,DE16-09,16,"DataOps, CI/CD, Security & Observability",RBAC and least privilege,OFFICIAL_GUIDED,VERIFIED OFFICIAL CURRENT,Microsoft Learn — Manage and right-size RBAC role assignments for least privilege,"28-minute training module: least-privilege roles, scope and overprivileged access",https://learn.microsoft.com/en-us/training/modules/manage-right-size-rbac-role-assignments/,"Use current Microsoft Learn for the Azure RBAC/least-privilege model, then apply it in the course security scenario.",Official current training is preferred over an older RBAC video; this does not inflate the video metric.
236,DE16-10,16,"DataOps, CI/CD, Security & Observability","PII, encryption and masking",VIDEO_SUPPORT,VERIFIED CURRENT MICROSOFT VIDEO,Microsoft Developer — Protect Sensitive Data with Azure AI Language PII Redaction,00:58 PII redaction overview; 1:12 demo; 1:42 masking styles; 2:16 exclusions,https://www.youtube.com/watch?v=ZDaog_MJGS8,Use the short Microsoft demo to make PII detection/masking concrete. Teaching Book remains authoritative for broader encryption/masking choices.,Published January 2026; narrow visual support for the PII/masking portion.
237,DE16-11,16,"DataOps, CI/CD, Security & Observability","Metadata, lineage and governance",OFFICIAL_VIDEO_COURSE,VERIFIED OFFICIAL VIDEO,Microsoft Learn Live — Microsoft Purview Data Governance,1:46 overview; 3:26 permissions; 24:54 scanning; 40:03 lineage; 52:26 classification,https://learn.microsoft.com/en-us/shows/learn-live/fasttrack-for-azure-season-1-ep11-microsoft-purview-data-governance,Use the relevant chapters for catalog/lineage/governance visuals. Recheck product UI immediately before study because Purview evolves.,Official Microsoft video; concept remains useful but UI/product surfaces are version-sensitive.
238,DE16-12,16,"DataOps, CI/CD, Security & Observability",Observability for data pipelines,VIDEO_SUPPORT,VERIFIED CURRENT SUPPORT,DP-700 Full Course — Monitoring & Optimization,4:46:53–5:43:50,https://www.youtube.com/watch?v=KiB4eAeFRsw,"Watch the assigned visual first, then use the Teaching Book for the course-specific build. Close the visual before the independent task.",
239,DE16-13,16,"DataOps, CI/CD, Security & Observability","Incidents, runbooks and root cause",OFFICIAL_VIDEO_COURSE,VERIFIED OFFICIAL CURRENT VIDEO,"Microsoft Azure Friday — Azure SRE Agent: Less Toil, More Uptime, Maximum Innovation","Incident workflow, runbook automation, diagnosis/root cause and 12:10 post-deployment health checks",https://learn.microsoft.com/en-us/shows/azure-friday/azure-sre-agent-less-toil-more-uptime-maximum-innovation,Use as a modern visual incident/runbook example. The course incident exercise remains vendor-neutral and must be solved independently.,Official Microsoft episode from Nov 2025; course avoids depending on the AI product itself.
240,DE16-14,16,"DataOps, CI/CD, Security & Observability",Terraform and IaC foundations,VIDEO_PRIMARY,VERIFIED OFFICIAL 2024,HashiCorp — Terraform Basics,0:00–15:30,https://www.youtube.com/watch?v=_45W3Z8XWL4,"Watch the assigned visual first, then use the Teaching Book for the course-specific build. Close the visual before the independent task.",
241,DE17-01,17,Architecture + Promotion Foundations,From requirements to architecture,VIDEO_SUPPORT,VERIFIED CURRENT SUPPORT,DP-700 Full Course — Architectural Decision-Making,2:19:27 onward,https://www.youtube.com/watch?v=KiB4eAeFRsw,"Watch the assigned visual first, then use the Teaching Book for the course-specific build. Close the visual before the independent task.",Use only as a concrete cloud example. The Teaching Book generalizes decisions beyond Fabric.
242,DE17-02,17,Architecture + Promotion Foundations,Batch vs streaming decisions,VIDEO_SUPPORT,VERIFIED CURRENT SUPPORT,DP-700 Full Course — Architectural Decision-Making,2:19:27 onward,https://www.youtube.com/watch?v=KiB4eAeFRsw,"Watch the assigned visual first, then use the Teaching Book for the course-specific build. Close the visual before the independent task.",Use only as a concrete cloud example. The Teaching Book generalizes decisions beyond Fabric.
243,DE17-03,17,Architecture + Promotion Foundations,Warehouse vs lakehouse,VIDEO_SUPPORT,VERIFIED CURRENT SUPPORT,DP-700 Full Course — Architectural Decision-Making,2:19:27 onward,https://www.youtube.com/watch?v=KiB4eAeFRsw,"Watch the assigned visual first, then use the Teaching Book for the course-specific build. Close the visual before the independent task.",Use only as a concrete cloud example. The Teaching Book generalizes decisions beyond Fabric.
244,DE17-04,17,Architecture + Promotion Foundations,Managed service vs build yourself,VIDEO_SUPPORT,VERIFIED CURRENT SUPPORT,DP-700 Full Course — Architectural Decision-Making,2:19:27 onward,https://www.youtube.com/watch?v=KiB4eAeFRsw,"Watch the assigned visual first, then use the Teaching Book for the course-specific build. Close the visual before the independent task.",Use only as a concrete cloud example. The Teaching Book generalizes decisions beyond Fabric.
245,DE17-05,17,Architecture + Promotion Foundations,Scaling and bottleneck reasoning,VIDEO_SUPPORT,VERIFIED CURRENT SUPPORT,DP-700 Full Course — Architectural Decision-Making,2:19:27 onward,https://www.youtube.com/watch?v=KiB4eAeFRsw,"Watch the assigned visual first, then use the Teaching Book for the course-specific build. Close the visual before the independent task.",Use only as a concrete cloud example. The Teaching Book generalizes decisions beyond Fabric.
246,DE17-06,17,Architecture + Promotion Foundations,Reliability and failure domains,VIDEO_SUPPORT,VERIFIED CURRENT SUPPORT,DP-700 Full Course — Architectural Decision-Making,2:19:27 onward,https://www.youtube.com/watch?v=KiB4eAeFRsw,"Watch the assigned visual first, then use the Teaching Book for the course-specific build. Close the visual before the independent task.",Use only as a concrete cloud example. The Teaching Book generalizes decisions beyond Fabric.
247,DE17-07,17,Architecture + Promotion Foundations,Cost-aware architecture,VIDEO_SUPPORT,VERIFIED CURRENT SUPPORT,DP-700 Full Course — Architectural Decision-Making,2:19:27 onward,https://www.youtube.com/watch?v=KiB4eAeFRsw,"Watch the assigned visual first, then use the Teaching Book for the course-specific build. Close the visual before the independent task.",Use only as a concrete cloud example. The Teaching Book generalizes decisions beyond Fabric.
248,DE17-08,17,Architecture + Promotion Foundations,Security and governance by design,VIDEO_SUPPORT,VERIFIED CURRENT SUPPORT,DP-700 Full Course — Architectural Decision-Making,2:19:27 onward,https://www.youtube.com/watch?v=KiB4eAeFRsw,"Watch the assigned visual first, then use the Teaching Book for the course-specific build. Close the visual before the independent task.",Use only as a concrete cloud example. The Teaching Book generalizes decisions beyond Fabric.
249,DE17-09,17,Architecture + Promotion Foundations,"Promotion foundations: CDC, Contracts, Vault, Mesh, Kubernetes",VIDEO_SUPPORT,VERIFIED MULTI-SOURCE BUNDLE 2026,"Course research bundle — CDC, Data Contracts, Data Mesh, Vault, Kubernetes","Curated awareness bundle; select only the named sections for each concept, not five full courses",supplements/PROMOTION_FOUNDATIONS_VIDEO_BUNDLE_RC1.html,"Use this as a promotion-awareness layer after the core architecture lesson. Watch only the mapped sections, then explain when each concept matters and when it does not.",Keeps these employer/promotion concepts visible without bloating the junior-DE critical path.
250,DE17-10,17,Architecture + Promotion Foundations,Architecture review and defense,PRACTICE_ONLY,NO VIDEO BY DESIGN,Independent practice / protected assessment,,,"Keep videos, answers and AI solving closed during the attempt. Use review only after saving a genuine attempt.",Architecture defense is intentionally independent; you must defend your own design without a tutorial open.
251,DE19-01,19,"Interview, Technical English & Job Launch",Truthful one-page Data Engineer resume,PRACTICE_ONLY,NO VIDEO BY DESIGN,Independent practice / protected assessment,,,"Keep videos, answers and AI solving closed during the attempt. Use review only after saving a genuine attempt.",Job-launch/interview work must use your own project evidence and explanations. Video-copying is not useful evidence here.
252,DE19-02,19,"Interview, Technical English & Job Launch",GitHub and project portfolio final polish,PRACTICE_ONLY,NO VIDEO BY DESIGN,Independent practice / protected assessment,,,"Keep videos, answers and AI solving closed during the attempt. Use review only after saving a genuine attempt.",Job-launch/interview work must use your own project evidence and explanations. Video-copying is not useful evidence here.
253,DE19-03,19,"Interview, Technical English & Job Launch",LinkedIn/professional profile without overclaiming,PRACTICE_ONLY,NO VIDEO BY DESIGN,Independent practice / protected assessment,,,"Keep videos, answers and AI solving closed during the attempt. Use review only after saving a genuine attempt.",Job-launch/interview work must use your own project evidence and explanations. Video-copying is not useful evidence here.
254,DE19-04,19,"Interview, Technical English & Job Launch",Degree-aware job targeting: apply/skip rules,PRACTICE_ONLY,NO VIDEO BY DESIGN,Independent practice / protected assessment,,,"Keep videos, answers and AI solving closed during the attempt. Use review only after saving a genuine attempt.",Job-launch/interview work must use your own project evidence and explanations. Video-copying is not useful evidence here.
255,DE19-05,19,"Interview, Technical English & Job Launch",SQL interview drills,PRACTICE_ONLY,NO VIDEO BY DESIGN,Independent practice / protected assessment,,,"Keep videos, answers and AI solving closed during the attempt. Use review only after saving a genuine attempt.",Job-launch/interview work must use your own project evidence and explanations. Video-copying is not useful evidence here.
256,DE19-06,19,"Interview, Technical English & Job Launch",Python interview drills,PRACTICE_ONLY,NO VIDEO BY DESIGN,Independent practice / protected assessment,,,"Keep videos, answers and AI solving closed during the attempt. Use review only after saving a genuine attempt.",Job-launch/interview work must use your own project evidence and explanations. Video-copying is not useful evidence here.
257,DE19-07,19,"Interview, Technical English & Job Launch",Data-engineering concepts and troubleshooting drills,PRACTICE_ONLY,NO VIDEO BY DESIGN,Independent practice / protected assessment,,,"Keep videos, answers and AI solving closed during the attempt. Use review only after saving a genuine attempt.",Job-launch/interview work must use your own project evidence and explanations. Video-copying is not useful evidence here.
258,DE19-08,19,"Interview, Technical English & Job Launch",Project walkthrough interview,PRACTICE_ONLY,NO VIDEO BY DESIGN,Independent practice / protected assessment,,,"Keep videos, answers and AI solving closed during the attempt. Use review only after saving a genuine attempt.",Job-launch/interview work must use your own project evidence and explanations. Video-copying is not useful evidence here.
259,DE19-09,19,"Interview, Technical English & Job Launch",Architecture/system-design defense for junior roles,PRACTICE_ONLY,NO VIDEO BY DESIGN,Independent practice / protected assessment,,,"Keep videos, answers and AI solving closed during the attempt. Use review only after saving a genuine attempt.",Job-launch/interview work must use your own project evidence and explanations. Video-copying is not useful evidence here.
260,DE19-10,19,"Interview, Technical English & Job Launch",Behavioral answers and career-transition story,PRACTICE_ONLY,NO VIDEO BY DESIGN,Independent practice / protected assessment,,,"Keep videos, answers and AI solving closed during the attempt. Use review only after saving a genuine attempt.",Job-launch/interview work must use your own project evidence and explanations. Video-copying is not useful evidence here.
261,DE19-11,19,"Interview, Technical English & Job Launch","Technical English: explain code, failures and decisions clearly",PRACTICE_ONLY,NO VIDEO BY DESIGN,Independent practice / protected assessment,,,"Keep videos, answers and AI solving closed during the attempt. Use review only after saving a genuine attempt.",Job-launch/interview work must use your own project evidence and explanations. Video-copying is not useful evidence here.
262,DE19-12,19,"Interview, Technical English & Job Launch","Application tracker, feedback loop and weekly repair cycle",PRACTICE_ONLY,NO VIDEO BY DESIGN,Independent practice / protected assessment,,,"Keep videos, answers and AI solving closed during the attempt. Use review only after saving a genuine attempt.",Job-launch/interview work must use your own project evidence and explanations. Video-copying is not useful evidence here.
263,DE19-13,19,"Interview, Technical English & Job Launch","Timed coding test: arrays, strings and hash-map problems",PRACTICE_ONLY,NO VIDEO BY DESIGN,Independent practice / protected assessment,,,"Keep videos, answers and AI solving closed during the attempt. Use review only after saving a genuine attempt.",Job-launch/interview work must use your own project evidence and explanations. Video-copying is not useful evidence here.
264,DE19-14,19,"Interview, Technical English & Job Launch",Combined SQL + Python interview simulation,PRACTICE_ONLY,NO VIDEO BY DESIGN,Independent practice / protected assessment,,,"Keep videos, answers and AI solving closed during the attempt. Use review only after saving a genuine attempt.",Job-launch/interview work must use your own project evidence and explanations. Video-copying is not useful evidence here.
